date,estacion,pm25_real,persistence,arima,prophet,xgboost
2024-10-19,Cerrillos II,15.0,65.0,59.96872060340606,75.96185968264487,50.532112
2024-10-25,Cerrillos II,52.0,45.0,52.641494499381935,72.35617285932075,42.158047
2024-10-30,Cerrillos II,41.0,57.0,49.07508807617724,70.5874185943851,51.391773
2024-11-05,Cerrillos II,55.0,45.0,47.27108272462019,67.42283775432755,49.359104
2024-11-10,Cerrillos II,43.0,52.0,46.32196270563725,65.31301588692246,40.389545
2024-11-16,Cerrillos II,35.0,49.0,45.844062074886146,63.36325043018256,46.38981
2024-11-21,Cerrillos II,45.0,57.0,53.80527113603863,61.811889494181656,54.22157
2024-11-27,Cerrillos II,49.0,46.0,46.044293750225364,60.67066560699379,52.604324
2024-12-03,Cerrillos II,63.0,45.0,51.7604584121861,58.34740527843421,60.649708
2024-12-08,Cerrillos II,54.0,47.0,47.034016607229084,56.448202010904296,41.518536
2024-12-14,Cerrillos II,48.0,67.0,62.77722540712427,57.295923763552295,48.47338
2024-12-19,Cerrillos II,82.0,52.0,50.649876120462714,56.47562663378926,58.858833
2024-12-25,Cerrillos II,45.0,56.0,50.7493407087203,54.03088037306395,47.155075
2024-12-31,Cerrillos II,43.0,57.0,57.775284816923445,54.30780586438108,30.264753
2025-01-05,Cerrillos II,59.0,48.0,43.82745178091932,53.13280555853859,50.640316
2025-01-11,Cerrillos II,47.0,62.0,57.43262053063874,53.69680767188639,42.416325
2025-01-16,Cerrillos II,55.0,56.0,53.16584824521265,50.43467887072762,41.558945
2025-01-22,Cerrillos II,51.0,63.0,54.06142181939465,51.98716582876663,48.546307
2025-01-27,Cerrillos II,61.0,56.0,52.185982456461225,51.001238681746216,58.91728
2025-02-03,Cerrillos II,48.0,43.0,48.98221435733174,50.38426724399029,51.74984
2025-02-09,Cerrillos II,57.0,65.0,57.71759634956709,50.17754467892753,72.7067
2025-02-14,Cerrillos II,44.0,80.0,69.67827263271057,48.65343718858209,67.21021
2025-02-20,Cerrillos II,65.0,61.0,58.475692669592426,46.33944458174244,61.91602
2025-02-25,Cerrillos II,76.0,55.0,59.118381925592146,51.380297934791905,69.95599
2025-03-03,Cerrillos II,59.0,27.0,40.79155154566591,49.224253300332336,52.439037
2025-03-08,Cerrillos II,47.0,43.0,46.080298520568036,51.441663372342155,31.85474
2025-03-14,Cerrillos II,44.0,81.0,67.62425991531904,49.60689469306296,54.326214
2025-03-20,Cerrillos II,81.0,89.0,73.55513605225745,53.01084451221199,52.554863
2025-03-25,Cerrillos II,80.0,72.0,71.37587057217796,52.138742903735164,67.39706
2025-04-01,Cerrillos II,94.0,52.0,65.6650490394913,51.96450996093713,81.842865
2025-04-06,Cerrillos II,76.0,34.0,40.02969490077129,54.18039959122775,52.6407
2025-04-12,Cerrillos II,77.0,54.0,59.335839884418704,54.11532385627428,64.45783
2025-04-18,Cerrillos II,72.0,91.0,81.2870024936397,53.0171494116467,55.156975
2025-04-23,Cerrillos II,42.0,104.0,85.70469210786246,56.313329078841704,70.5018
2025-04-29,Cerrillos II,56.0,79.0,76.30512082252356,52.984504814013405,66.49599
2025-05-04,Cerrillos II,89.0,108.0,87.0522606195687,55.02824714866182,75.8723
2025-05-10,Cerrillos II,76.0,75.0,89.1652044138778,58.371045279300766,75.70927
2025-05-15,Cerrillos II,111.0,93.0,86.0571379011693,61.65184240721535,109.61138
2025-05-21,Cerrillos II,141.0,102.0,103.6933740273935,64.69248345168118,85.81051
2025-05-27,Cerrillos II,134.0,31.0,50.43534581365941,66.6124935923046,99.09023
2025-06-01,Cerrillos II,145.0,112.0,108.03013444381617,71.06994296446643,75.00768
2025-06-07,Cerrillos II,160.0,121.0,105.02790100420101,74.63321112208712,136.55667
2025-06-12,Cerrillos II,86.0,75.0,86.65778044081803,80.15587277516438,82.723236
2025-06-18,Cerrillos II,133.0,96.0,112.54271729973446,80.28403902601839,105.88299
2025-06-24,Cerrillos II,73.0,62.0,89.95938438066503,81.29700793264632,88.72997
2025-06-29,Cerrillos II,145.0,91.0,85.24055604582104,83.57899840400464,92.879814
2025-07-05,Cerrillos II,50.0,109.0,101.04877846482921,89.27213256618492,74.4998
2025-07-10,Cerrillos II,176.0,62.0,72.63107571616979,88.7135137692396,103.01811
2025-07-16,Cerrillos II,164.0,131.0,126.48095257601044,93.73861781865256,98.06048
2025-07-21,Cerrillos II,156.0,112.0,115.54856332733354,99.40920600926061,116.54282
2025-07-27,Cerrillos II,141.0,131.0,123.08757388664812,101.73582868832818,101.70602
2025-08-02,Cerrillos II,96.0,16.0,56.69422442203804,109.53023240652435,61.44716
2025-08-07,Cerrillos II,121.0,87.0,92.25297640608377,105.34243834739578,71.42373
2025-08-13,Cerrillos II,91.0,107.0,94.22450293572322,105.42013031985309,111.39632
2025-08-18,Cerrillos II,47.0,53.0,71.26770813047207,104.33738783035932,49.380596
2025-08-24,Cerrillos II,88.0,45.0,63.44787736434924,101.04443372865614,54.34096
2025-08-29,Cerrillos II,35.0,41.0,41.193426327781296,100.12981309368433,47.279854
2025-09-04,Cerrillos II,87.0,51.0,61.843941086407014,97.65863752370936,86.83012
2025-09-10,Cerrillos II,76.0,69.0,68.63648278452088,96.16547555471108,47.93315
2025-09-15,Cerrillos II,84.0,35.0,51.979626162202386,95.3340768525643,78.52886
2025-09-21,Cerrillos II,50.0,17.0,31.438313961695805,91.61436098313462,29.624643
2025-09-26,Cerrillos II,53.0,77.0,66.53495467822904,91.08689303761585,23.023052
2025-10-02,Cerrillos II,101.0,81.0,73.48578659679633,88.25742515556513,58.977
2025-10-08,Cerrillos II,83.0,55.0,55.33122044451139,85.45136328519143,59.147373
2025-10-13,Cerrillos II,53.0,32.0,48.59125890883176,83.32457476185648,69.72736
2025-10-19,Cerrillos II,58.0,71.0,62.495481254685465,83.98447389546045,43.83303
2025-10-24,Cerrillos II,40.0,58.0,55.769650293768365,81.69878703221318,49.001713
2025-10-30,Cerrillos II,54.0,71.0,63.74004384681171,80.73701145190091,52.696205
2025-11-04,Cerrillos II,59.0,42.0,46.73260421685844,79.23298759108101,50.738766
2025-11-10,Cerrillos II,46.0,29.0,31.527924932397518,74.73040644396234,39.378937
2021-07-13,Cerro Navia,78.0,45.0,45.04468979793349,67.56274127233456,66.92921
2021-08-04,Cerro Navia,51.0,53.0,64.98932281615429,75.13331105749012,54.915154
2021-08-26,Cerro Navia,33.0,11.0,17.129497441122414,65.34082730700484,24.45518
2021-09-18,Cerro Navia,13.0,22.0,22.36292765068174,55.99420936448513,20.598644
2021-10-10,Cerro Navia,18.0,16.0,15.845490188886881,42.73508197180847,15.568913
2021-11-01,Cerro Navia,17.0,17.0,16.16197345050803,37.87767820094214,15.996214
2021-11-23,Cerro Navia,12.0,14.0,14.729454600251426,31.799280731832763,13.719984
2021-12-16,Cerro Navia,11.0,14.0,14.97696212031388,17.786359570655435,12.536771
2022-01-07,Cerro Navia,14.0,16.0,14.16763429376927,16.711892085606067,15.171843
2022-01-29,Cerro Navia,13.0,15.0,13.940047453792523,9.687337750897953,12.025777
2022-02-20,Cerro Navia,9.0,15.0,12.663040417233491,11.254976009438408,12.999336
2022-03-15,Cerro Navia,20.0,24.0,21.26225145685405,7.26410978252968,20.88873
2022-04-13,Cerro Navia,32.0,15.0,16.439003643157,6.567487078999406,25.44923
2022-05-05,Cerro Navia,58.0,46.0,36.743419114240794,11.02784428267735,46.82381
2022-05-27,Cerro Navia,94.0,45.0,47.64679164913555,20.28624678792951,74.43344
2022-06-18,Cerro Navia,115.0,60.0,67.12357021668691,43.198985419078326,63.271988
2022-07-11,Cerro Navia,39.0,11.0,24.89027337306087,48.4412982855794,36.12653
2022-08-02,Cerro Navia,43.0,37.0,34.92583990070317,51.078238578010705,47.20335
2022-08-24,Cerro Navia,64.0,54.0,50.793598300567524,52.12409340947052,57.44942
2022-09-15,Cerro Navia,22.0,36.0,41.472197133563164,53.39540157401646,33.218845
2022-10-08,Cerro Navia,16.0,17.0,18.140824023134474,42.30070912370288,6.6637244
2022-10-30,Cerro Navia,18.0,14.0,13.118300564600204,34.86070720479654,9.228014
2022-11-22,Cerro Navia,18.0,14.0,13.775366498065509,29.823668704407524,23.549143
2022-12-14,Cerro Navia,32.0,14.0,14.00463005752988,26.375204178058468,15.081375
2023-01-06,Cerro Navia,14.0,17.0,20.21814444479301,25.131202371328307,13.070311
2023-01-28,Cerro Navia,14.0,15.0,13.923550948776882,19.333984546087045,17.93375
2023-02-19,Cerro Navia,17.0,17.0,19.99713718986496,19.716314469554703,18.011412
2023-03-13,Cerro Navia,10.0,10.0,11.941552684727917,17.400233541725136,11.589787
2023-04-09,Cerro Navia,25.0,25.0,22.31816429875151,11.269875294601775,19.694782
2023-05-02,Cerro Navia,37.0,28.0,26.4574063521098,9.875614557650465,25.565228
2023-05-24,Cerro Navia,44.0,43.0,40.940463481544704,16.348156793101964,41.20233
2023-06-15,Cerro Navia,80.0,65.0,52.447036433088336,26.129157046478795,56.459538
2023-07-07,Cerro Navia,51.0,40.0,46.47219666954342,36.28088882493418,41.289177
2023-07-30,Cerro Navia,51.0,57.0,51.46862486504507,40.90890760379864,60.635498
2023-08-21,Cerro Navia,2.0,14.0,18.375270133273567,40.87886462471262,12.521332
2023-09-12,Cerro Navia,19.0,7.0,10.324079035478048,37.99908986368459,6.322907
2023-10-04,Cerro Navia,11.0,8.0,11.75849393702597,34.152351407777665,19.72038
2023-10-27,Cerro Navia,5.0,12.0,13.119990440301999,31.369939916037893,13.552531
2023-11-20,Cerro Navia,7.0,17.0,11.8922348522513,26.81244761013485,9.957811
2023-12-26,Cerro Navia,11.0,12.0,13.591607209954299,17.026000021568784,10.588474
2024-01-17,Cerro Navia,13.0,8.0,9.074177345414324,15.053832764069568,13.67449
2024-02-11,Cerro Navia,11.0,11.0,12.87731978873608,13.764076972789786,6.8766594
2024-03-04,Cerro Navia,13.0,10.0,10.175531252860276,10.202082005733688,12.72518
2024-03-30,Cerro Navia,11.0,23.0,18.58518571686714,6.912858904419634,17.756222
2024-04-21,Cerro Navia,11.0,25.0,23.836320119815277,4.728701084119706,21.878325
2024-05-13,Cerro Navia,64.0,45.0,29.6458751602896,6.9451808383368245,55.516026
2024-06-05,Cerro Navia,81.0,72.0,67.72106913356494,22.155848499241458,73.047356
2024-06-27,Cerro Navia,55.0,72.0,62.68731053227885,27.13887536283181,42.664402
2024-07-19,Cerro Navia,67.0,48.0,50.884613333207035,50.56818374727749,89.07739
2024-08-12,Cerro Navia,44.0,69.0,61.6241377228991,53.968249804957765,28.67514
2024-09-05,Cerro Navia,17.0,29.0,29.93735683610293,49.726573130616636,29.167711
2024-09-27,Cerro Navia,18.0,22.0,24.483557610420263,44.35369028875053,18.791553
2024-10-19,Cerro Navia,3.0,15.0,13.590324074356857,37.717509918550256,8.704636
2024-11-12,Cerro Navia,14.0,5.0,7.09931290743965,31.274511802631736,7.7994604
2024-12-05,Cerro Navia,8.0,15.0,13.237102275317614,23.156893197437725,6.15909
2024-12-27,Cerro Navia,6.0,10.0,11.276238347185078,15.34963953041131,10.766978
2025-01-18,Cerro Navia,13.0,7.0,9.192161781921842,9.19907459249437,6.692473
2025-02-11,Cerro Navia,13.0,10.0,8.252061234002735,6.876865645938199,15.197435
2025-03-06,Cerro Navia,7.0,9.0,9.2319995192621,5.154332732791591,6.6742444
2025-03-29,Cerro Navia,9.0,21.0,18.797407200577588,3.9679705686913067,18.09334
2025-04-24,Cerro Navia,11.0,21.0,22.436236703591376,5.324169941587883,12.797337
2025-05-16,Cerro Navia,35.0,61.0,55.11302621692862,11.930155824091443,45.048893
2025-06-07,Cerro Navia,110.0,69.0,58.600852971454856,38.28733493553907,86.70082
2025-06-30,Cerro Navia,69.0,80.0,71.58863535260842,43.869290451380415,72.81378
2025-07-22,Cerro Navia,52.0,51.0,53.18099397758132,60.917355653009245,67.64972
2025-08-13,Cerro Navia,38.0,48.0,46.278100210231166,58.65687126739361,50.509678
2025-09-04,Cerro Navia,30.0,19.0,24.409306981102254,49.50535510490521,31.184645
2025-09-27,Cerro Navia,30.0,11.0,12.920311815680414,41.2814473118011,22.31878
2025-10-19,Cerro Navia,12.0,18.0,17.59389189309023,35.40160931619911,11.160235
2025-11-10,Cerro Navia,5.0,6.0,6.296970842140945,29.631726416387714,9.099362
2021-07-26,El Bosque,36.0,29.0,39.304536031924584,52.09644367613663,23.274815
2021-07-27,El Bosque,57.0,15.0,29.076598742107038,53.44483689207709,44.4588
2021-07-28,El Bosque,52.0,36.0,45.445575203074924,51.17346116516387,43.34253
2021-07-02,Independencia,98.0,61.0,55.318435771066575,54.096638570853884,78.49744
2021-07-25,Independencia,14.0,48.0,63.20165585958037,73.87590982459892,45.565807
2021-08-17,Independencia,11.0,37.0,49.76033252595196,69.46809587981213,29.503635
2021-09-09,Independencia,29.0,17.0,18.25712247875773,57.818114207234274,32.275875
2021-10-02,Independencia,11.0,11.0,16.064610441673906,45.413758763338095,7.0464315
2021-10-25,Independencia,13.0,14.0,12.753594775965404,37.26511346416772,15.901893
2021-11-17,Independencia,13.0,9.0,9.554880476549613,27.703387181919553,12.794837
2021-12-10,Independencia,8.0,16.0,14.513232282345028,13.934543983355752,13.620396
2022-01-02,Independencia,8.0,8.0,10.011079420779206,6.162202121147686,7.284641
2022-01-25,Independencia,10.0,10.0,9.258293823728796,5.4550236891731885,8.870635
2022-02-17,Independencia,23.0,15.0,14.27979603270891,4.712176228103253,21.54043
2022-03-12,Independencia,19.0,17.0,14.464526411686986,2.720578090795385,17.790482
2022-04-04,Independencia,22.0,12.0,13.024098487846778,4.008756480538324,15.192639
2022-04-27,Independencia,40.0,7.0,11.74573405897808,3.8948147360408143,14.336871
2022-05-20,Independencia,45.0,37.0,42.53196546015654,25.942735155657857,39.423428
2022-06-12,Independencia,47.0,99.0,74.11834452987043,44.3452090225311,68.801704
2022-07-05,Independencia,44.0,68.0,57.09629518246062,55.87568736997682,47.152588
2022-07-28,Independencia,48.0,19.0,27.0655556458937,54.112691056562056,41.411037
2022-08-21,Independencia,20.0,71.0,54.25694473914937,54.03654702043933,34.320328
2022-09-13,Independencia,32.0,27.0,31.76239542373788,49.504898478735555,21.093756
2022-10-06,Independencia,16.0,9.0,12.919254332762574,41.0196967476017,16.014818
2022-10-29,Independencia,5.0,11.0,10.33569712232197,33.73347022127017,17.208784
2022-11-21,Independencia,15.0,11.0,10.809774659142306,25.566388115821585,11.553552
2022-12-14,Independencia,29.0,11.0,10.475615536766526,14.172291534347181,22.118
2023-01-06,Independencia,11.0,14.0,16.09437068009623,10.612741737730119,12.714895
2023-01-29,Independencia,10.0,16.0,13.434675992721152,6.6648693258482155,15.275986
2023-02-21,Independencia,22.0,16.0,20.392800918371535,11.678085819612136,24.709415
2023-03-16,Independencia,8.0,9.0,10.97127461073566,10.271593681338857,9.4305
2023-04-08,Independencia,20.0,20.0,18.10030455466842,7.922887205441953,18.58451
2023-05-01,Independencia,29.0,11.0,16.15292557578596,8.48028369706239,29.462118
2023-05-24,Independencia,42.0,43.0,40.34328187579303,22.1476391033313,39.32427
2023-06-16,Independencia,120.0,62.0,53.759540731301705,37.33027457234829,84.79119
2023-07-09,Independencia,47.0,47.0,43.37834802769312,42.873364549230814,45.19646
2023-08-01,Independencia,51.0,52.0,45.82130931966552,52.88132078515628,35.2881
2023-08-24,Independencia,19.0,7.0,13.188925097476034,41.91445410605691,16.826134
2023-09-16,Independencia,16.0,31.0,27.550086022109824,37.84512894527522,4.8743634
2023-10-09,Independencia,11.0,17.0,14.825581474820305,33.02710663826283,15.906673
2023-11-01,Independencia,12.0,8.0,8.54430322235482,29.328448526966234,16.40612
2023-11-24,Independencia,14.0,10.0,9.633153673203728,22.579917851377935,14.114843
2023-12-17,Independencia,6.0,5.0,6.78320363523235,18.10310566924393,5.793799
2024-01-09,Independencia,10.0,7.0,9.674555114055192,12.41823346630025,12.770366
2024-02-01,Independencia,16.0,16.0,14.557549307788964,13.229736737644902,20.241364
2024-02-24,Independencia,11.0,9.0,12.302719156732632,11.353138721101722,8.077557
2024-03-18,Independencia,19.0,16.0,13.75665124470372,8.711829306407438,20.882322
2024-04-10,Independencia,15.0,22.0,19.772329311561627,6.652302370979726,21.161747
2024-05-03,Independencia,26.0,22.0,20.486468612457188,4.953033148819316,23.138903
2024-05-26,Independencia,59.0,36.0,28.673562806650708,13.274062063376256,24.222198
2024-06-18,Independencia,21.0,47.0,39.353244076676845,27.832184180382683,26.027695
2024-07-11,Independencia,67.0,34.0,36.57605173614956,36.869740349149026,89.31491
2024-08-04,Independencia,15.0,13.0,24.982657951358746,51.1063075955147,31.83478
2024-08-27,Independencia,20.0,19.0,21.704322017697145,46.73908411390413,32.588036
2024-09-19,Independencia,19.0,34.0,32.661774114623476,40.71278339859791,23.727066
2024-10-13,Independencia,13.0,21.0,19.50059585758045,35.99470369415282,14.2787285
2024-11-05,Independencia,10.0,10.0,12.06630794993961,29.413203231319756,10.33259
2024-11-28,Independencia,9.0,6.0,7.649830624112354,21.937886195236416,8.872636
2024-12-21,Independencia,18.0,18.0,14.605628888257915,15.80194499656784,13.176954
2025-01-13,Independencia,7.0,9.0,9.346838771105602,12.801634842468566,8.493979
2025-02-05,Independencia,7.0,7.0,7.681039131412165,5.412938062543702,9.060571
2025-03-01,Independencia,6.0,8.0,8.034360582983135,7.518250577544492,4.782042
2025-03-24,Independencia,12.0,16.0,15.405838439725017,5.189861816374638,16.423012
2025-04-16,Independencia,20.0,15.0,19.706158015365755,3.493098539907379,19.700998
2025-05-09,Independencia,74.0,18.0,16.983871088783513,7.328664865776261,41.82461
2025-06-01,Independencia,59.0,57.0,54.47347443285975,19.5752288917951,40.86757
2025-06-24,Independencia,28.0,25.0,36.423208911737376,40.26362182063072,50.7581
2025-07-17,Independencia,57.0,66.0,65.15646798578113,58.95512614937133,64.19358
2025-08-09,Independencia,41.0,45.0,43.90833861154995,52.840922023152075,22.826563
2025-09-01,Independencia,12.0,28.0,26.205314334306088,45.44548101473848,23.905087
2025-09-25,Independencia,10.0,19.0,19.269128583940116,40.19045379926264,8.360423
2025-10-18,Independencia,13.0,13.0,13.25911061060228,32.79902392892269,14.060724
2025-11-10,Independencia,5.0,7.0,6.401264975399005,27.215606464925074,9.023696
2021-07-14,Las Condes,60.0,50.0,47.41857824541221,38.11083729064359,67.39752
2021-08-05,Las Condes,54.0,56.0,50.93120662916451,41.16651113349255,48.502926
2021-08-27,Las Condes,45.0,23.0,27.259987721618298,40.61168950612492,34.97428
2021-09-18,Las Condes,19.0,25.0,23.548234460730626,35.71583941829205,20.008783
2021-10-10,Las Condes,16.0,14.0,14.892975234999593,29.382526046165026,12.427546
2021-10-31,Las Condes,20.0,15.0,14.787573563346777,26.679819632629865,15.34189
2021-11-22,Las Condes,14.0,11.0,11.379990220670598,21.848074232427138,15.098732
2021-12-14,Las Condes,9.0,10.0,11.573409734258398,17.935807740163334,12.18248
2022-01-05,Las Condes,17.0,9.0,11.148631649762667,13.29626517729281,12.084675
2022-01-27,Las Condes,16.0,15.0,13.92179972228516,10.571662166727315,11.025922
2022-02-18,Las Condes,20.0,17.0,16.733982572971616,11.350371211259162,19.368982
2022-03-19,Las Condes,17.0,25.0,21.34209802157493,10.33399902877338,19.401175
2022-04-10,Las Condes,13.0,17.0,16.908595881237968,9.470064981816506,14.195901
2022-05-02,Las Condes,22.0,27.0,24.496562932383377,11.982163216173838,26.527246
2022-05-24,Las Condes,30.0,27.0,30.752435376512743,19.137224577926244,25.739521
2022-06-14,Las Condes,37.0,73.0,60.205681744005275,29.972788066481,42.12772
2022-07-06,Las Condes,34.0,26.0,30.639737603330097,33.767067904632654,25.514912
2022-07-28,Las Condes,37.0,29.0,29.303925285527196,33.58322493207031,34.19874
2022-08-21,Las Condes,31.0,27.0,25.6278382594829,36.621316788149336,36.46089
2022-09-12,Las Condes,19.0,12.0,14.03026824748886,33.8627502282221,17.149017
2022-10-04,Las Condes,12.0,12.0,13.27287364081559,30.634371578926245,16.187632
2022-10-26,Las Condes,9.0,7.0,8.211991883677776,26.6746872856687,10.042994
2022-11-17,Las Condes,16.0,15.0,14.159824806028345,22.91832337541743,11.739445
2022-12-11,Las Condes,15.0,8.0,8.558340921462463,19.830798233765286,11.245471
2023-01-02,Las Condes,10.0,14.0,13.331152855765884,13.43223565600067,10.719786
2023-01-23,Las Condes,9.0,14.0,14.228590233645324,11.396084265593037,12.116512
2023-02-14,Las Condes,15.0,11.0,13.27116466697923,16.951030306018215,21.759647
2023-03-08,Las Condes,12.0,13.0,14.899202421088681,15.547564598775654,12.199139
2023-04-04,Las Condes,14.0,14.0,14.428541203164007,14.007095508291908,15.015776
2023-04-26,Las Condes,43.0,20.0,18.123690415659333,12.729477441839297,24.960148
2023-05-18,Las Condes,27.0,11.0,12.79642358336198,15.63004143759979,23.596516
2023-06-09,Las Condes,18.0,24.0,23.501747773965924,20.227552218770786,15.59951
2023-07-01,Las Condes,38.0,23.0,23.8428205503084,21.705086979510558,31.099579
2023-07-23,Las Condes,31.0,8.0,11.036381139563362,23.983268844952065,32.183975
2023-08-14,Las Condes,19.0,25.0,24.36901011614805,28.901067715968747,18.543722
2023-09-05,Las Condes,12.0,16.0,16.081065245135157,25.331478103561555,21.577316
2023-09-27,Las Condes,17.0,8.0,10.241907721953972,26.04127778254333,20.666595
2023-10-19,Las Condes,22.0,12.0,12.630899150013807,24.09996105032876,16.280462
2023-12-19,Las Condes,18.0,8.0,10.586600192949462,21.726740867745818,14.450852
2024-01-10,Las Condes,15.0,9.0,10.632211621920478,19.108358105201226,13.196911
2024-02-01,Las Condes,13.0,16.0,15.007443766153518,15.985264408268517,14.600005
2024-02-23,Las Condes,10.0,6.0,7.74349303200365,14.195378746075601,9.655647
2024-03-20,Las Condes,24.0,20.0,18.199391203258664,12.40295271545827,20.031527
2024-04-11,Las Condes,21.0,20.0,18.80527569080376,12.196762759682201,19.640793
2024-05-03,Las Condes,27.0,18.0,18.289309686459966,11.292571465294628,22.34809
2024-05-24,Las Condes,20.0,9.0,13.852784579410713,14.111066379708191,32.287277
2024-06-15,Las Condes,32.0,5.0,12.074956035889851,17.599536843372835,25.726938
2024-07-07,Las Condes,47.0,41.0,35.60700883870341,20.32802215005466,48.632336
2024-07-31,Las Condes,25.0,50.0,47.497609189707674,28.792089509835385,54.698826
2024-08-22,Las Condes,14.0,25.0,26.949915102251623,31.775433411159185,11.996589
2024-09-13,Las Condes,25.0,18.0,19.728699577947676,31.414602293706942,21.917046
2024-10-05,Las Condes,16.0,16.0,16.48874732179708,28.444699343630507,16.340887
2024-10-27,Las Condes,15.0,18.0,18.035785554098027,26.461024531666936,12.354249
2024-11-18,Las Condes,14.0,13.0,12.667216411745056,23.062812950182703,6.8751035
2024-12-10,Las Condes,14.0,14.0,13.89219087866875,18.20755900990158,12.927827
2024-12-31,Las Condes,15.0,15.0,14.930614827340394,14.734017809739086,9.583644
2025-01-22,Las Condes,10.0,15.0,13.566325655179888,15.029533040903287,11.310977
2025-02-13,Las Condes,14.0,16.0,15.230120171973741,13.895778867576645,18.547926
2025-03-08,Las Condes,12.0,11.0,11.451987617344018,11.051778595021332,11.874035
2025-04-03,Las Condes,19.0,15.0,13.325641970640724,9.968794152727213,18.823805
2025-04-25,Las Condes,23.0,17.0,16.739512359649016,11.145570759884983,14.490847
2025-05-17,Las Condes,41.0,50.0,45.153065387171154,16.885100930248257,41.664555
2025-06-10,Las Condes,30.0,45.0,43.49713415723524,25.405723029460646,37.22997
2025-07-02,Las Condes,37.0,50.0,44.74391060304805,28.223164122007475,45.747017
2025-07-24,Las Condes,34.0,41.0,42.41252217540518,38.36603997941056,42.26492
2025-08-14,Las Condes,13.0,26.0,27.444470133655262,36.0067127234812,31.613028
2025-09-05,Las Condes,28.0,30.0,28.986922809345238,34.89130048540179,22.684628
2025-09-27,Las Condes,16.0,11.0,13.41627087813051,31.781700070004952,19.836569
2025-10-19,Las Condes,17.0,16.0,16.365593870449338,28.37251922326984,13.863389
2025-11-10,Las Condes,12.0,12.0,12.39656322715002,24.94245993253697,9.2516
2021-07-09,Parque O'Higgins,133.0,105.0,95.293802845731,86.50782967111104,77.75276
2021-08-01,Parque O'Higgins,100.0,132.0,117.38968644239901,105.88334864829142,96.57736
2021-08-23,Parque O'Higgins,37.0,26.0,50.50485431749242,101.67115526822175,64.866135
2021-09-15,Parque O'Higgins,69.0,51.0,55.68343837911364,87.59034427622106,56.619095
2021-10-07,Parque O'Higgins,25.0,63.0,58.4699699289633,78.44494940583365,56.258568
2021-10-30,Parque O'Higgins,53.0,69.0,61.74978247874712,70.97017022024744,43.874466
2021-11-21,Parque O'Higgins,57.0,50.0,48.64418804010754,66.14858588230672,42.927437
2021-12-14,Parque O'Higgins,53.0,42.0,48.590231410545144,61.35345491205554,49.317417
2022-01-09,Parque O'Higgins,44.0,50.0,47.541711551391906,54.70867803137453,48.256042
2022-01-31,Parque O'Higgins,53.0,38.0,42.36376764701004,50.63484907587671,53.622112
2022-02-23,Parque O'Higgins,41.0,42.0,47.841155700938444,51.004636447135645,37.229015
2022-03-17,Parque O'Higgins,74.0,67.0,59.866574533070875,50.0489440978333,71.61401
2022-04-09,Parque O'Higgins,35.0,77.0,73.19098955008825,55.49871556845576,44.46999
2022-05-02,Parque O'Higgins,118.0,76.0,73.03804412952124,57.32837063036762,71.21346
2022-05-24,Parque O'Higgins,102.0,72.0,82.28416587672957,68.25648785316007,89.81669
2022-06-16,Parque O'Higgins,105.0,98.0,99.12418102901117,86.73632580371162,76.75769
2022-07-08,Parque O'Higgins,31.0,128.0,119.83472028851949,92.58196218044792,108.084404
2022-07-31,Parque O'Higgins,81.0,73.0,70.89324099748238,89.18056026771345,71.40175
2022-08-22,Parque O'Higgins,105.0,81.0,75.24105605317737,89.0998119993341,79.564606
2022-09-14,Parque O'Higgins,82.0,48.0,56.79493794128986,89.91141161688634,87.954544
2022-10-07,Parque O'Higgins,30.0,51.0,54.92075906740611,81.00312671298965,63.076458
2022-10-29,Parque O'Higgins,32.0,58.0,55.07869689288857,74.40234394515473,53.80952
2022-11-21,Parque O'Higgins,61.0,45.0,46.97252911912408,69.71367368769212,50.42667
2022-12-15,Parque O'Higgins,144.0,61.0,56.735546042332736,63.42164286227931,69.879425
2023-01-09,Parque O'Higgins,43.0,43.0,46.7162855089636,56.76146462092563,54.391914
2023-01-31,Parque O'Higgins,60.0,53.0,53.14591511949848,52.99939150826941,52.828136
2023-02-23,Parque O'Higgins,73.0,82.0,75.95181265713347,54.15113089325352,84.053535
2023-03-18,Parque O'Higgins,59.0,55.0,56.20839936960809,53.950736340149234,62.552593
2023-04-09,Parque O'Higgins,77.0,61.0,63.42859258773799,56.303109463864764,64.94469
2023-05-02,Parque O'Higgins,94.0,43.0,59.90792546857438,59.46995832692464,90.90829
2023-05-24,Parque O'Higgins,111.0,107.0,103.59997601721932,71.6260803504473,90.804375
2023-06-16,Parque O'Higgins,147.0,132.0,119.84726774479486,79.25358150832025,147.58743
2023-07-09,Parque O'Higgins,79.0,86.0,84.08284541386215,85.25650633098044,60.107613
2023-07-31,Parque O'Higgins,113.0,128.0,124.10109156985962,98.71315032616916,104.62447
2023-08-23,Parque O'Higgins,40.0,22.0,39.23805219934827,95.97798050067037,32.663895
2023-09-14,Parque O'Higgins,84.0,64.0,65.46807100015477,87.81000067115953,50.520035
2023-10-07,Parque O'Higgins,52.0,48.0,50.466622270549536,79.57556191019435,49.01046
2023-10-29,Parque O'Higgins,29.0,42.0,51.64544377439361,75.76690109538413,20.107956
2023-11-22,Parque O'Higgins,51.0,40.0,40.64827280133123,67.51891578119518,39.03598
2023-12-15,Parque O'Higgins,31.0,64.0,60.39885625478847,59.28793095660358,50.786697
2024-01-06,Parque O'Higgins,33.0,52.0,48.526497305923684,54.29948870366162,43.36807
2024-01-29,Parque O'Higgins,70.0,49.0,52.229010409727834,52.1644038710163,62.16305
2024-02-20,Parque O'Higgins,44.0,57.0,58.866501077207374,49.95259176418989,57.067608
2024-03-14,Parque O'Higgins,73.0,51.0,54.39689503693894,49.38178097970426,58.433887
2024-04-06,Parque O'Higgins,67.0,81.0,73.46406515152145,49.56051505210543,65.05851
2024-04-28,Parque O'Higgins,46.0,51.0,58.54016080438908,50.76422066361942,59.385456
2024-05-21,Parque O'Higgins,27.0,68.0,60.84766238905114,54.89571102687032,58.13273
2024-06-12,Parque O'Higgins,13.0,125.0,120.37426523558705,65.89721314431509,117.58025
2024-07-05,Parque O'Higgins,119.0,79.0,77.74840321409705,67.19946542941501,108.55193
2024-07-27,Parque O'Higgins,115.0,110.0,109.53519600237698,83.6442247547841,89.67428
2024-08-31,Parque O'Higgins,71.0,46.0,61.1970857901367,88.49029293242378,68.00416
2024-09-24,Parque O'Higgins,45.0,27.0,41.67178511524031,83.37523093684894,41.669487
2024-10-16,Parque O'Higgins,56.0,68.0,63.774259125633506,76.84827592509585,49.581604
2024-11-08,Parque O'Higgins,56.0,59.0,53.93232675320749,68.19438095282571,51.683147
2024-12-01,Parque O'Higgins,43.0,46.0,46.02417187702963,63.66147919014524,26.402205
2024-12-24,Parque O'Higgins,42.0,63.0,58.764291388822826,59.34304229395916,47.763073
2025-01-15,Parque O'Higgins,32.0,46.0,48.01280176037326,54.202860965924664,49.731136
2025-02-07,Parque O'Higgins,64.0,52.0,50.41189915347319,48.53739814398365,61.99964
2025-03-03,Parque O'Higgins,55.0,31.0,39.073234473637356,47.91137992115122,53.277706
2025-03-25,Parque O'Higgins,69.0,58.0,58.45053518526439,47.45639421622019,64.3109
2025-04-21,Parque O'Higgins,84.0,62.0,62.33492638257971,47.40626491062285,69.996765
2025-05-13,Parque O'Higgins,97.0,81.0,82.67710872457658,55.79625017273768,108.68129
2025-06-05,Parque O'Higgins,108.0,155.0,121.8800627815997,69.65328565978885,120.3029
2025-06-28,Parque O'Higgins,95.0,113.0,104.59228512913813,78.09553698152395,73.76971
2025-07-20,Parque O'Higgins,131.0,114.0,110.33877870103316,92.59546825772811,109.94468
2025-08-12,Parque O'Higgins,131.0,117.0,110.66001179081884,101.8179124179074,80.76016
2025-09-03,Parque O'Higgins,103.0,42.0,46.2572382371252,94.66489512179335,71.99184
2025-09-26,Parque O'Higgins,42.0,62.0,59.14187784940762,88.45309622342451,28.20296
2025-10-18,Parque O'Higgins,52.0,67.0,62.53509898937496,80.73696904052213,43.82307
2025-11-10,Parque O'Higgins,37.0,31.0,33.266327340667395,72.28962798075383,40.882343
2021-07-19,Pudahuel,46.0,52.0,50.82390734745148,56.790528027106234,45.44653
2021-08-10,Pudahuel,51.0,32.0,36.59110744506165,61.82307667548622,53.568295
2021-09-01,Pudahuel,25.0,25.0,29.706050526464978,54.37717574335798,26.046692
2021-09-24,Pudahuel,16.0,24.0,26.193761359926604,42.59362024331355,20.753557
2021-10-16,Pudahuel,11.0,10.0,10.383368949006266,36.165781120410166,13.883361
2021-11-09,Pudahuel,11.0,16.0,15.023721339097024,31.662566454509992,11.934927
2021-12-01,Pudahuel,19.0,14.0,12.673296472435787,23.832168202633397,11.4173
2021-12-25,Pudahuel,18.0,15.0,14.545772679658043,17.256130671166076,15.409902
2022-01-16,Pudahuel,5.0,10.0,10.542680582138148,12.907274438025745,12.676633
2022-02-08,Pudahuel,19.0,15.0,14.102846898080053,7.9341970356022635,14.492176
2022-03-02,Pudahuel,14.0,15.0,15.396321296376957,7.563570856502244,18.523878
2022-03-24,Pudahuel,23.0,7.0,9.08523938878044,8.89695314738995,14.678076
2022-04-20,Pudahuel,24.0,28.0,25.513613975836662,9.27499677370524,23.961214
2022-05-12,Pudahuel,50.0,59.0,50.960239430060824,14.98659583273787,52.678394
2022-06-03,Pudahuel,20.0,31.0,34.238874608616676,39.2258205996265,24.715929
2022-06-26,Pudahuel,46.0,49.0,48.01132893066103,50.907938362875015,79.71262
2022-07-18,Pudahuel,47.0,34.0,36.20369164166946,43.63586936811777,41.74294
2022-08-09,Pudahuel,33.0,24.0,29.851847462770564,45.902627212919185,40.706333
2022-08-31,Pudahuel,25.0,25.0,29.203719646424002,45.98631803594947,23.526522
2022-09-22,Pudahuel,21.0,9.0,14.45789756192728,42.487500832258505,19.741404
2022-10-14,Pudahuel,20.0,12.0,12.306694607684573,33.80192891368481,15.920479
2022-11-06,Pudahuel,16.0,12.0,13.090334958275982,27.886193272775582,9.942733
2022-11-29,Pudahuel,11.0,12.0,12.326860773025317,23.895008754116194,10.292967
2022-12-24,Pudahuel,11.0,10.0,11.17254597890753,19.11144711897876,11.990925
2023-01-15,Pudahuel,15.0,9.0,8.433966320582941,10.134541786654971,13.349843
2023-02-11,Pudahuel,38.0,73.0,58.40666861718612,15.929103719896222,37.295227
2023-03-06,Pudahuel,15.0,14.0,14.95743043984604,14.47970502252726,14.421974
2023-03-30,Pudahuel,15.0,14.0,14.353730545827524,10.242859465962127,15.4516535
2023-04-21,Pudahuel,25.0,24.0,20.457950409860846,9.55545359589722,15.239292
2023-05-15,Pudahuel,26.0,39.0,37.05004273766688,14.486648471893098,21.963531
2023-06-06,Pudahuel,51.0,35.0,36.15457864063591,21.374311292982497,42.801598
2023-06-28,Pudahuel,60.0,20.0,23.967268870218433,30.876561407820788,55.198097
2023-07-21,Pudahuel,11.0,49.0,51.60300660710263,36.54848253466581,29.823889
2023-08-12,Pudahuel,37.0,19.0,28.742618325765033,37.79071449721878,47.979034
2023-09-03,Pudahuel,15.0,24.0,24.11661202307817,32.84608832766899,21.453255
2023-09-26,Pudahuel,18.0,17.0,17.187509799908526,31.12213657178893,15.234215
2023-10-18,Pudahuel,18.0,14.0,15.647773342016123,28.212594119362326,11.55055
2023-11-09,Pudahuel,11.0,10.0,11.930507304944284,25.24206712178409,14.48281
2023-12-02,Pudahuel,10.0,11.0,11.020010800033862,22.39508227088604,10.356708
2023-12-24,Pudahuel,14.0,12.0,13.520669565414375,20.528923651064535,15.167915
2024-01-15,Pudahuel,9.0,12.0,11.496862256233495,15.284946068510308,11.073422
2024-02-16,Pudahuel,14.0,11.0,11.376627987215258,14.998600077194812,13.590323
2024-03-09,Pudahuel,13.0,7.0,7.129643367690462,13.167204836315683,11.194744
2024-03-31,Pudahuel,11.0,22.0,18.744496998599423,9.298937917426272,12.375314
2024-04-23,Pudahuel,19.0,11.0,12.210487196710371,8.434981060794101,16.622643
2024-05-15,Pudahuel,31.0,42.0,38.24564767647431,9.236139716159371,47.012
2024-06-06,Pudahuel,47.0,58.0,49.54286359335624,19.378008430416692,60.713085
2024-06-28,Pudahuel,71.0,39.0,30.85678351739901,20.609853293107662,66.44311
2024-07-20,Pudahuel,34.0,51.0,52.434291184208604,35.315168690406296,57.498585
2024-08-16,Pudahuel,34.0,54.0,51.215401943485915,43.653862177774556,23.613869
2024-09-07,Pudahuel,31.0,21.0,21.51029052959168,36.57244054751495,26.299164
2024-09-29,Pudahuel,9.0,19.0,18.02185971752987,33.23346383805857,13.045799
2024-10-21,Pudahuel,10.0,2.0,3.7703865447917146,29.51866503954966,10.955836
2024-11-12,Pudahuel,12.0,4.0,6.07783487720795,24.31646334102188,12.690756
2024-12-04,Pudahuel,6.0,9.0,8.56973842425848,18.79754437546395,7.845833
2024-12-27,Pudahuel,6.0,10.0,10.093081742479129,14.514283024243085,10.017331
2025-01-18,Pudahuel,7.0,7.0,7.849872231562639,11.058260617129903,4.9222007
2025-02-14,Pudahuel,9.0,19.0,17.107945555018244,9.838962179872798,15.550829
2025-03-09,Pudahuel,14.0,8.0,8.26007484713132,6.781914625637757,9.304636
2025-03-31,Pudahuel,22.0,7.0,7.116804582333852,5.6835217318187645,10.724821
2025-04-22,Pudahuel,19.0,22.0,19.906556259253943,6.066437843564543,19.399445
2025-05-16,Pudahuel,47.0,55.0,48.98607594512263,13.503934924993526,52.826694
2025-06-07,Pudahuel,66.0,61.0,51.711103792081374,23.803469559514895,64.344635
2025-06-30,Pudahuel,52.0,63.0,59.20689360826628,26.78078246331583,50.43628
2025-07-22,Pudahuel,53.0,49.0,48.151212366340644,37.11354987901868,54.28661
2025-08-13,Pudahuel,30.0,34.0,32.59906567689916,42.771880693920096,37.230373
2025-09-04,Pudahuel,38.0,18.0,20.46270437511768,37.87629861308152,35.552994
2025-09-27,Pudahuel,18.0,9.0,10.539850632609706,34.495288536549666,20.910944
2025-10-19,Pudahuel,10.0,16.0,14.810829875534168,30.293919464948605,13.92495
2025-11-10,Pudahuel,7.0,7.0,6.555346203275009,25.570432744088322,9.106815
2023-12-23,Talagante,12.0,12.0,10.988601322745904,5.5524367660927965,11.574978
2024-01-06,Talagante,6.0,8.0,8.042843208721722,3.283512684869038,8.236108
2024-01-15,Talagante,9.0,12.0,11.579462607711198,3.1862247388061746,9.685214
2024-01-25,Talagante,7.0,11.0,11.390362786300042,3.962425985986499,12.256011
2024-02-03,Talagante,28.0,25.0,21.156900280507056,3.4042937522795,19.7063
2024-02-13,Talagante,10.0,12.0,13.144533398200473,2.8786663306540845,16.556183
2024-02-23,Talagante,10.0,4.0,6.163933044550479,2.8505833421385205,16.354273
2024-03-03,Talagante,12.0,13.0,11.88533317064432,3.012250764226195,12.304595
2024-03-13,Talagante,10.0,6.0,7.010331315040237,1.100343935390356,9.356578
2024-03-27,Talagante,20.0,13.0,12.286246103271326,2.3884878842808632,16.118067
2024-04-05,Talagante,10.0,14.0,14.774553694326638,-0.5123771221466882,12.035635
2024-04-15,Talagante,15.0,13.0,12.218741080073409,3.014376654490377,10.898141
2024-04-24,Talagante,12.0,15.0,15.683125337180181,3.817708846300121,15.715609
2024-05-04,Talagante,20.0,27.0,21.734452921118148,4.5177351163211625,16.870821
2024-05-18,Talagante,66.0,38.0,35.11731920754259,10.506810319202588,49.86102
2024-05-27,Talagante,44.0,25.0,27.550158281892553,12.344376418948778,34.204834
2024-06-06,Talagante,64.0,73.0,66.80785760462233,19.380565089941868,68.6311
2024-06-16,Talagante,27.0,46.0,46.75132993418897,22.572697353431977,46.24746
2024-06-25,Talagante,58.0,12.0,16.161380321499117,21.595620673426573,47.94035
2024-07-05,Talagante,58.0,30.0,31.568024376458986,27.04352306863693,58.59011
2024-07-14,Talagante,75.0,72.0,63.33578595952018,35.37855392912641,78.862724
2024-07-24,Talagante,52.0,30.0,35.00337346156403,44.910394114137304,43.515343
2024-08-04,Talagante,11.0,16.0,24.43181283490977,41.93085629470168,24.400349
2024-08-13,Talagante,27.0,34.0,34.56240412285416,41.446066184502115,34.734325
2024-08-23,Talagante,34.0,6.0,11.438227821971973,37.932250751964276,22.870895
2024-09-02,Talagante,14.0,31.0,26.02079017125213,37.31238456886423,11.730908
2024-09-11,Talagante,11.0,8.0,10.904495006184739,35.700509755149845,16.630947
2024-09-21,Talagante,8.0,15.0,18.023813353964858,33.72733257814018,12.113688
2024-09-30,Talagante,4.0,5.0,5.938771873646124,31.630747851656057,11.076018
2024-10-10,Talagante,7.0,12.0,13.22790147674746,29.037317160342866,13.625082
2024-10-20,Talagante,6.0,5.0,5.516527107038085,26.805701658806733,1.9375831
2024-10-29,Talagante,8.0,13.0,12.096278040711065,25.72457449637594,13.804799
2024-11-08,Talagante,7.0,10.0,9.4892852555054,23.59660849286724,16.408817
2024-11-18,Talagante,10.0,7.0,6.719909537292054,21.348017793023573,5.7682285
2024-11-27,Talagante,6.0,6.0,6.387587202306177,19.63704442596793,6.5057573
2024-12-07,Talagante,7.0,7.0,7.821069511598593,16.898168982560506,5.6276655
2024-12-16,Talagante,7.0,9.0,7.9204552017970435,14.946310862531632,9.669967
2024-12-26,Talagante,7.0,9.0,9.340314385149362,15.851162102265995,11.675759
2025-01-05,Talagante,7.0,8.0,7.492861670151677,12.167260034335627,9.721119
2025-01-14,Talagante,7.0,7.0,7.651413032359849,12.53858884313711,8.604626
2025-01-24,Talagante,12.0,6.0,7.289089432390552,11.123251611543544,7.53874
2025-02-03,Talagante,11.0,8.0,7.768691758010368,9.706781831077183,7.9561467
2025-02-12,Talagante,20.0,16.0,15.853392804611108,9.34747908033716,13.855942
2025-02-22,Talagante,6.0,6.0,7.719068251288101,8.249301701319247,9.388744
2025-03-04,Talagante,8.0,3.0,4.594361393584745,6.841346975101633,6.111336
2025-03-14,Talagante,6.0,12.0,10.531641557271364,6.167623211635455,8.478192
2025-03-24,Talagante,10.0,16.0,14.806397998556463,4.3192764042869705,16.32371
2025-04-02,Talagante,11.0,12.0,11.819747127764174,4.721949528177653,13.872245
2025-04-16,Talagante,16.0,7.0,9.695868665551496,3.2239668488332853,14.050968
2025-04-26,Talagante,21.0,12.0,14.20100649012317,2.532718896373922,17.434736
2025-05-05,Talagante,24.0,28.0,23.23489849020162,4.205375687273644,29.796066
2025-05-15,Talagante,34.0,56.0,50.55012554008357,8.435256285478246,53.46462
2025-05-24,Talagante,49.0,58.0,49.968189358108376,12.701172554157829,46.890923
2025-06-03,Talagante,57.0,58.0,51.13787488800614,16.196865132587416,74.50034
2025-06-13,Talagante,46.0,27.0,35.55109952407838,31.636096378715187,53.779102
2025-06-22,Talagante,33.0,53.0,52.333397754851326,30.254104834669818,19.65079
2025-07-02,Talagante,59.0,70.0,62.92509402160377,41.19552560350522,64.27631
2025-07-12,Talagante,45.0,84.0,74.73314037052074,45.861870643632145,75.499596
2025-07-21,Talagante,55.0,54.0,49.716785557304746,51.89463762353057,53.663864
2025-07-31,Talagante,13.0,24.0,31.332963370790658,52.08041876304586,22.274925
2025-08-09,Talagante,48.0,34.0,35.571600550883744,49.78703627745372,20.589714
2025-08-19,Talagante,17.0,24.0,27.184947615731986,49.944947278872945,11.115124
2025-08-29,Talagante,20.0,21.0,23.127208480808513,43.590742839365795,12.636131
2025-09-07,Talagante,12.0,13.0,13.68680659293679,41.86659016458494,13.173797
2025-09-18,Talagante,10.0,11.0,10.749720505013917,39.01112393299918,20.278482
2025-09-28,Talagante,8.0,20.0,19.470043661303727,36.460442939376506,14.009948
2025-10-07,Talagante,15.0,11.0,12.218831116113376,33.56473594826821,14.835358
2025-10-21,Talagante,12.0,13.0,12.622700708547612,30.630383441204653,14.448671
2025-10-30,Talagante,8.0,12.0,11.68804553929068,28.65204693728173,8.896449
2025-11-09,Talagante,6.0,11.0,10.705202343971498,27.10539086126973,7.942115
