date,estacion,actual,pred,season
2022-01-20,Independencia,8.0,11.250372886657715,Summer
2022-01-29,Independencia,11.0,10.464045524597168,Summer
2022-01-30,Parque O'Higgins,46.0,50.61552429199219,Summer
2022-01-31,Cerro Navia,12.0,13.589300155639648,Summer
2022-02-01,Las Condes,15.0,15.811007499694824,Summer
2022-02-08,Parque O'Higgins,67.0,55.76266860961914,Summer
2022-02-08,Independencia,16.0,13.120827674865723,Summer
2022-02-09,Cerro Navia,18.0,15.021835327148438,Summer
2022-02-10,Las Condes,22.0,18.57488441467285,Summer
2022-02-10,Pudahuel,16.0,16.52237892150879,Summer
2022-02-17,Parque O'Higgins,78.0,60.704689025878906,Summer
2022-02-17,Independencia,23.0,15.522171974182129,Summer
2022-02-18,Cerro Navia,15.0,18.09632110595703,Summer
2022-02-19,Pudahuel,14.0,17.705900192260742,Summer
2022-02-19,Las Condes,14.0,19.438339233398438,Summer
2022-02-26,Independencia,6.0,13.70788288116455,Summer
2022-02-26,Parque O'Higgins,34.0,42.27388000488281,Summer
2022-02-27,Cerro Navia,12.0,14.021397590637207,Summer
2022-02-27,Las Condes,10.0,10.697460174560547,Summer
2022-02-28,Pudahuel,15.0,12.910496711730957,Summer
2022-03-07,Parque O'Higgins,60.0,62.33556365966797,Autumn
2022-03-08,Independencia,11.0,11.782404899597168,Autumn
2022-03-08,Cerro Navia,12.0,14.076518058776855,Autumn
2022-03-09,Pudahuel,16.0,12.451449394226074,Autumn
2022-03-15,Las Condes,25.0,11.958320617675781,Autumn
2022-03-17,Parque O'Higgins,74.0,70.73949432373047,Autumn
2022-03-17,Cerro Navia,23.0,23.370948791503906,Autumn
2022-03-17,Independencia,23.0,17.911380767822266,Autumn
2022-03-18,Pudahuel,25.0,23.352659225463867,Autumn
2022-03-24,Las Condes,18.0,16.332233428955078,Autumn
2022-03-26,Parque O'Higgins,63.0,68.14347839355469,Autumn
2022-03-26,Independencia,18.0,17.770788192749023,Autumn
2022-03-27,Pudahuel,19.0,20.800443649291992,Autumn
2022-04-02,Cerro Navia,15.0,24.66526985168457,Autumn
2022-04-02,Las Condes,18.0,21.251296997070312,Autumn
2022-04-04,Parque O'Higgins,78.0,84.5019760131836,Autumn
2022-04-04,Independencia,22.0,17.783309936523438,Autumn
2022-04-09,Pudahuel,9.0,18.351701736450195,Autumn
2022-04-10,Las Condes,13.0,13.88105583190918,Autumn
2022-04-11,Cerro Navia,15.0,16.737674713134766,Autumn
2022-04-13,Parque O'Higgins,95.0,86.34760284423828,Autumn
2022-04-14,Independencia,15.0,23.660934448242188,Autumn
2022-04-18,Pudahuel,28.0,23.43544578552246,Autumn
2022-04-19,Las Condes,24.0,26.854230880737305,Autumn
2022-04-20,Cerro Navia,27.0,26.285202026367188,Autumn
2022-04-22,Parque O'Higgins,65.0,83.96533203125,Autumn
2022-04-23,Independencia,14.0,20.849477767944336,Autumn
2022-04-27,Pudahuel,33.0,15.345403671264648,Autumn
2022-04-28,Cerro Navia,56.0,34.391334533691406,Autumn
2022-04-28,Las Condes,39.0,24.244306564331055,Autumn
2022-05-01,Parque O'Higgins,72.0,68.73580932617188,Autumn
2022-05-02,Independencia,45.0,38.28399658203125,Autumn
2022-05-06,Pudahuel,56.0,52.69382095336914,Autumn
2022-05-07,Cerro Navia,31.0,35.77337646484375,Autumn
2022-05-07,Las Condes,29.0,46.27002716064453,Autumn
2022-05-10,Parque O'Higgins,139.0,117.61180877685547,Autumn
2022-05-12,Independencia,52.0,47.6248664855957,Autumn
2022-05-15,Pudahuel,65.0,58.8640251159668,Autumn
2022-05-16,Las Condes,61.0,33.12947082519531,Autumn
2022-05-16,Cerro Navia,71.0,54.0070686340332,Autumn
2022-05-19,Parque O'Higgins,89.0,75.97126770019531,Autumn
2022-05-21,Independencia,51.0,49.25992965698242,Autumn
2022-05-24,Las Condes,30.0,27.761947631835938,Autumn
2022-05-24,Pudahuel,39.0,29.05861473083496,Autumn
2022-05-25,Cerro Navia,45.0,54.644065856933594,Autumn
2022-05-28,Parque O'Higgins,106.0,97.83094787597656,Autumn
2022-05-30,Independencia,54.0,46.0521240234375,Autumn
2022-06-02,Pudahuel,32.0,31.685760498046875,Winter
2022-06-02,Las Condes,20.0,22.522165298461914,Winter
2022-06-03,Cerro Navia,20.0,51.47101974487305,Winter
2022-06-06,Parque O'Higgins,104.0,104.47632598876953,Winter
2022-06-09,Independencia,103.0,55.60369110107422,Winter
2022-06-11,Las Condes,79.0,36.62268829345703,Winter
2022-06-11,Pudahuel,83.0,53.47677230834961,Winter
2022-06-12,Cerro Navia,48.0,65.74405670166016,Winter
2022-06-16,Parque O'Higgins,105.0,64.19032287597656,Winter
2022-06-18,Independencia,106.0,40.32587432861328,Winter
2022-06-20,Pudahuel,45.0,54.09663009643555,Winter
2022-06-20,Las Condes,39.0,35.638336181640625,Winter
2022-06-21,Cerro Navia,52.0,57.02626419067383,Winter
2022-06-25,Parque O'Higgins,113.0,97.34637451171875,Winter
2022-06-27,Independencia,42.0,52.20610046386719,Winter
2022-06-29,Pudahuel,37.0,31.860225677490234,Winter
2022-06-29,Las Condes,26.0,36.339481353759766,Winter
2022-06-30,Cerro Navia,16.0,70.15595245361328,Winter
2022-07-04,Parque O'Higgins,105.0,93.47716522216797,Winter
2022-07-07,Independencia,46.0,30.662559509277344,Winter
2022-07-07,Las Condes,23.0,36.74440002441406,Winter
2022-07-08,Pudahuel,15.0,58.142127990722656,Winter
2022-07-09,Cerro Navia,11.0,49.76346969604492,Winter
2022-07-13,Parque O'Higgins,19.0,75.52356719970703,Winter
2022-07-16,Las Condes,32.0,20.663442611694336,Winter
2022-07-16,Independencia,51.0,36.72930908203125,Winter
2022-07-17,Pudahuel,43.0,31.69294548034668,Winter
2022-07-18,Cerro Navia,65.0,43.13737869262695,Winter
2022-07-22,Parque O'Higgins,111.0,108.9932632446289,Winter
2022-07-25,Independencia,30.0,21.67258644104004,Winter
2022-07-25,Las Condes,26.0,25.43051528930664,Winter
2022-07-25,Pudahuel,25.0,29.32291030883789,Winter
2022-07-27,Cerro Navia,37.0,32.980587005615234,Winter
2022-07-31,Parque O'Higgins,81.0,70.27379608154297,Winter
2022-08-03,Pudahuel,35.0,53.489131927490234,Winter
2022-08-03,Independencia,32.0,44.44977951049805,Winter
2022-08-03,Las Condes,32.0,39.361637115478516,Winter
2022-08-05,Cerro Navia,25.0,64.27488708496094,Winter
2022-08-09,Parque O'Higgins,86.0,66.5219497680664,Winter
2022-08-11,Las Condes,26.0,31.53985595703125,Winter
2022-08-12,Pudahuel,40.0,41.58616638183594,Winter
2022-08-13,Independencia,31.0,42.9850959777832,Winter
2022-08-14,Cerro Navia,8.0,33.74677658081055,Winter
2022-08-18,Parque O'Higgins,128.0,85.06422424316406,Winter
2022-08-21,Pudahuel,29.0,35.847293853759766,Winter
2022-08-22,Independencia,43.0,44.083831787109375,Winter
2022-08-22,Las Condes,49.0,35.57390594482422,Winter
2022-08-23,Cerro Navia,60.0,30.90806770324707,Winter
2022-08-27,Parque O'Higgins,129.0,74.29741668701172,Winter
2022-08-30,Pudahuel,18.0,24.481571197509766,Winter
2022-08-31,Las Condes,30.0,26.047332763671875,Winter
2022-08-31,Independencia,23.0,19.187040328979492,Winter
2022-09-01,Cerro Navia,65.0,20.98128890991211,Spring
2022-09-05,Parque O'Higgins,92.0,86.83145904541016,Spring
2022-09-08,Pudahuel,24.0,17.686485290527344,Spring
2022-09-09,Las Condes,26.0,24.285865783691406,Spring
2022-09-10,Cerro Navia,13.0,41.17070770263672,Spring
2022-09-10,Independencia,10.0,27.366748809814453,Spring
2022-09-15,Parque O'Higgins,42.0,56.680721282958984,Spring
2022-09-17,Pudahuel,10.0,19.6257266998291,Spring
2022-09-18,Cerro Navia,16.0,19.95290756225586,Spring
2022-09-18,Las Condes,16.0,14.205235481262207,Spring
2022-09-19,Independencia,8.0,15.950201034545898,Spring
2022-09-24,Parque O'Higgins,29.0,42.09611129760742,Spring
2022-09-26,Las Condes,16.0,13.80582332611084,Spring
2022-09-26,Pudahuel,16.0,13.672080993652344,Spring
2022-09-27,Cerro Navia,17.0,16.53082847595215,Spring
2022-09-28,Independencia,19.0,14.08773136138916,Spring
2022-10-03,Parque O'Higgins,41.0,52.197265625,Spring
2022-10-05,Pudahuel,12.0,12.052154541015625,Spring
2022-10-05,Las Condes,13.0,14.887459754943848,Spring
2022-10-06,Cerro Navia,17.0,16.470598220825195,Spring
2022-10-08,Independencia,11.0,14.83657455444336,Spring
2022-10-12,Parque O'Higgins,59.0,59.75215148925781,Spring
2022-10-14,Pudahuel,20.0,14.13336181640625,Spring
2022-10-14,Las Condes,16.0,16.079225540161133,Spring
2022-10-15,Cerro Navia,16.0,18.562946319580078,Spring
2022-10-17,Independencia,9.0,13.886917114257812,Spring
2022-10-21,Parque O'Higgins,59.0,47.25455856323242,Spring
2022-10-23,Las Condes,10.0,10.613533973693848,Spring
2022-10-23,Pudahuel,13.0,11.207990646362305,Spring
2022-10-24,Cerro Navia,8.0,16.194625854492188,Spring
2022-10-26,Independencia,12.0,12.913175582885742,Spring
2022-10-30,Parque O'Higgins,56.0,43.96839141845703,Spring
2022-10-31,Pudahuel,15.0,11.945409774780273,Spring
2022-11-01,Las Condes,13.0,11.412446975708008,Spring
2022-11-02,Cerro Navia,16.0,18.322551727294922,Spring
2022-11-05,Independencia,10.0,13.37460708618164,Spring
2022-11-08,Parque O'Higgins,31.0,54.83445739746094,Spring
2022-11-09,Pudahuel,8.0,12.641098022460938,Spring
2022-11-09,Las Condes,8.0,13.415069580078125,Spring
2022-11-11,Cerro Navia,8.0,13.90895938873291,Spring
2022-11-14,Independencia,13.0,11.68679428100586,Spring
2022-11-17,Parque O'Higgins,59.0,52.94054412841797,Spring
2022-11-18,Pudahuel,10.0,13.599122047424316,Spring
2022-11-18,Las Condes,12.0,12.527982711791992,Spring
2022-11-21,Cerro Navia,23.0,13.504678726196289,Spring
2022-11-23,Independencia,12.0,13.414539337158203,Spring
2022-11-26,Parque O'Higgins,54.0,43.956085205078125,Spring
2022-11-27,Las Condes,13.0,11.397674560546875,Spring
2022-11-28,Pudahuel,11.0,12.58804988861084,Spring
2022-11-30,Cerro Navia,14.0,14.517045021057129,Spring
2022-12-02,Independencia,13.0,12.342196464538574,Summer
2022-12-05,Parque O'Higgins,39.0,53.358455657958984,Summer
2022-12-08,Las Condes,9.0,12.839232444763184,Summer
2022-12-08,Pudahuel,5.0,15.862031936645508,Summer
2022-12-09,Cerro Navia,11.0,14.38694953918457,Summer
2022-12-12,Independencia,11.0,13.482110977172852,Summer
2022-12-16,Las Condes,17.0,21.49057388305664,Summer
2022-12-17,Parque O'Higgins,50.0,56.38814926147461,Summer
2022-12-18,Cerro Navia,11.0,22.490840911865234,Summer
2022-12-19,Pudahuel,10.0,18.245317459106445,Summer
2022-12-21,Independencia,7.0,10.396024703979492,Summer
2022-12-25,Las Condes,11.0,12.972611427307129,Summer
2022-12-27,Cerro Navia,17.0,15.494211196899414,Summer
2022-12-28,Parque O'Higgins,77.0,60.84413528442383,Summer
2022-12-28,Pudahuel,17.0,13.466373443603516,Summer
2022-12-30,Independencia,17.0,15.366783142089844,Summer
2023-01-03,Las Condes,13.0,12.734249114990234,Summer
2023-01-05,Cerro Navia,15.0,17.67760467529297,Summer
2023-01-06,Parque O'Higgins,50.0,46.33364486694336,Summer
2023-01-06,Pudahuel,10.0,14.313136100769043,Summer
2023-01-09,Independencia,8.0,11.468973159790039,Summer
2023-01-12,Las Condes,10.0,12.959661483764648,Summer
2023-01-14,Cerro Navia,15.0,12.615192413330078,Summer
2023-01-15,Pudahuel,15.0,12.458605766296387,Summer
2023-01-15,Parque O'Higgins,63.0,51.72189712524414,Summer
2023-01-18,Independencia,15.0,12.2631254196167,Summer
2023-01-21,Las Condes,14.0,12.230896949768066,Summer
2023-01-23,Cerro Navia,13.0,13.898637771606445,Summer
2023-01-24,Parque O'Higgins,48.0,53.460174560546875,Summer
2023-01-24,Pudahuel,8.0,11.859685897827148,Summer
2023-01-27,Independencia,16.0,11.49167251586914,Summer
2023-01-29,Las Condes,10.0,11.964672088623047,Summer
2023-02-01,Cerro Navia,23.0,14.51878547668457,Summer
2023-02-02,Parque O'Higgins,84.0,56.92805099487305,Summer
2023-02-06,Independencia,74.0,19.76438331604004,Summer
2023-02-07,Pudahuel,61.0,20.655906677246094,Summer
2023-02-07,Las Condes,62.0,39.81040573120117,Summer
2023-02-10,Cerro Navia,42.0,62.058799743652344,Summer
2023-02-11,Parque O'Higgins,71.0,81.69316864013672,Summer
2023-02-15,Independencia,11.0,17.15020751953125,Summer
2023-02-16,Pudahuel,13.0,23.96152114868164,Summer
2023-02-16,Las Condes,15.0,23.897029876708984,Summer
2023-02-18,Cerro Navia,14.0,16.117990493774414,Summer
2023-02-20,Parque O'Higgins,77.0,68.61103057861328,Summer
2023-02-24,Independencia,14.0,20.050600051879883,Summer
2023-02-24,Pudahuel,14.0,21.009225845336914,Summer
2023-02-25,Las Condes,15.0,20.51187515258789,Summer
2023-02-27,Cerro Navia,18.0,19.932804107666016,Summer
2023-03-01,Parque O'Higgins,74.0,82.74162292480469,Autumn
2023-03-05,Pudahuel,14.0,15.301778793334961,Autumn
2023-03-06,Independencia,11.0,15.322461128234863,Autumn
2023-03-06,Las Condes,13.0,15.480772018432617,Autumn
2023-03-08,Cerro Navia,12.0,16.47529411315918,Autumn
2023-03-10,Parque O'Higgins,43.0,61.90542221069336,Autumn
2023-03-14,Pudahuel,9.0,14.298446655273438,Autumn
2023-03-15,Independencia,9.0,13.973431587219238,Autumn
2023-03-17,Cerro Navia,14.0,18.265178680419922,Autumn
2023-03-19,Las Condes,13.0,16.41182518005371,Autumn
2023-03-20,Parque O'Higgins,64.0,68.55599975585938,Autumn
2023-03-23,Pudahuel,21.0,18.535465240478516,Autumn
2023-03-24,Independencia,22.0,22.157434463500977,Autumn
2023-03-26,Cerro Navia,19.0,19.633562088012695,Autumn
2023-03-28,Las Condes,16.0,21.662721633911133,Autumn
2023-03-29,Parque O'Higgins,82.0,81.21737670898438,Autumn
2023-04-03,Independencia,18.0,18.73892593383789,Autumn
2023-04-03,Pudahuel,16.0,19.928569793701172,Autumn
2023-04-06,Las Condes,13.0,16.58799171447754,Autumn
2023-04-07,Parque O'Higgins,61.0,60.818416595458984,Autumn
2023-04-09,Cerro Navia,25.0,18.839338302612305,Autumn
2023-04-12,Pudahuel,7.0,17.94660758972168,Autumn
2023-04-12,Independencia,8.0,19.109882354736328,Autumn
2023-04-15,Las Condes,19.0,21.051488876342773,Autumn
2023-04-16,Parque O'Higgins,65.0,68.75855255126953,Autumn
2023-04-18,Cerro Navia,39.0,18.000667572021484,Autumn
2023-04-21,Independencia,30.0,25.0540714263916,Autumn
2023-04-21,Pudahuel,25.0,23.914831161499023,Autumn
2023-04-23,Las Condes,22.0,19.065937042236328,Autumn
2023-04-25,Parque O'Higgins,155.0,81.38603973388672,Autumn
2023-04-27,Cerro Navia,29.0,31.150550842285156,Autumn
2023-04-30,Pudahuel,13.0,18.625734329223633,Autumn
2023-04-30,Independencia,21.0,20.83745574951172,Autumn
2023-05-02,Las Condes,27.0,25.07265853881836,Autumn
2023-05-04,Parque O'Higgins,115.0,89.2168960571289,Autumn
2023-05-06,Cerro Navia,83.0,43.12766647338867,Autumn
2023-05-10,Independencia,47.0,54.73945236206055,Autumn
2023-05-11,Pudahuel,28.0,52.18082046508789,Autumn
2023-05-11,Las Condes,18.0,42.13145065307617,Autumn
2023-05-13,Parque O'Higgins,109.0,105.65584564208984,Autumn
2023-05-15,Cerro Navia,23.0,57.422569274902344,Autumn
2023-05-19,Independencia,50.0,50.622581481933594,Autumn
2023-05-20,Pudahuel,39.0,36.37308883666992,Autumn
2023-05-20,Las Condes,48.0,28.421226501464844,Autumn
2023-05-22,Parque O'Higgins,107.0,88.96196746826172,Autumn
2023-05-24,Cerro Navia,44.0,43.10432052612305,Autumn
2023-05-28,Independencia,56.0,37.7265510559082,Autumn
2023-05-29,Pudahuel,64.0,55.01251220703125,Autumn
2023-05-29,Las Condes,49.0,33.63679504394531,Autumn
2023-05-31,Parque O'Higgins,129.0,110.4789047241211,Autumn
2023-06-02,Cerro Navia,40.0,59.02541732788086,Winter
2023-06-06,Las Condes,38.0,31.430782318115234,Winter
2023-06-06,Pudahuel,51.0,27.06198501586914,Winter
2023-06-07,Independencia,19.0,43.88490295410156,Winter
2023-06-09,Parque O'Higgins,29.0,48.08278274536133,Winter
2023-06-11,Cerro Navia,57.0,39.3212890625,Winter
2023-06-15,Las Condes,31.0,31.073854446411133,Winter
2023-06-15,Pudahuel,64.0,50.12382125854492,Winter
2023-06-16,Independencia,120.0,68.4787368774414,Winter
2023-06-19,Parque O'Higgins,101.0,76.01513671875,Winter
2023-06-20,Cerro Navia,34.0,33.76834487915039,Winter
2023-06-24,Las Condes,20.0,23.03241729736328,Winter
2023-06-24,Pudahuel,25.0,33.536766052246094,Winter
2023-06-25,Independencia,15.0,48.85087585449219,Winter
2023-06-28,Parque O'Higgins,164.0,99.01498413085938,Winter
2023-06-29,Cerro Navia,87.0,64.74539184570312,Winter
2023-07-03,Las Condes,15.0,26.774580001831055,Winter
2023-07-03,Pudahuel,30.0,26.668655395507812,Winter
2023-07-05,Independencia,32.0,37.08409118652344,Winter
2023-07-07,Parque O'Higgins,86.0,71.84571075439453,Winter
2023-07-08,Cerro Navia,48.0,57.64115524291992,Winter
2023-07-12,Las Condes,20.0,30.65041160583496,Winter
2023-07-12,Pudahuel,26.0,31.045690536499023,Winter
2023-07-14,Independencia,55.0,75.97134399414062,Winter
2023-07-16,Parque O'Higgins,181.0,115.01325225830078,Winter
2023-07-16,Cerro Navia,101.0,79.62322998046875,Winter
2023-07-20,Talagante,15.0,42.78657150268555,Winter
2023-07-20,Las Condes,24.0,32.14558029174805,Winter
2023-07-21,Pudahuel,11.0,48.431861877441406,Winter
2023-07-23,Independencia,40.0,34.69145965576172,Winter
2023-07-25,Cerro Navia,31.0,31.780611038208008,Winter
2023-07-25,Talagante,28.0,27.475332260131836,Winter
2023-07-25,Parque O'Higgins,94.0,83.14649200439453,Winter
2023-07-29,Las Condes,36.0,52.33940124511719,Winter
2023-07-30,Pudahuel,45.0,44.68667221069336,Winter
2023-07-31,Talagante,38.0,31.499860763549805,Winter
2023-08-02,Independencia,47.0,35.389068603515625,Winter
2023-08-03,Cerro Navia,47.0,40.33617401123047,Winter
2023-08-03,Parque O'Higgins,119.0,96.35468292236328,Winter
2023-08-05,Talagante,26.0,29.58875274658203,Winter
2023-08-07,Las Condes,43.0,29.228984832763672,Winter
2023-08-08,Pudahuel,55.0,36.311370849609375,Winter
2023-08-11,Independencia,40.0,48.128414154052734,Winter
2023-08-11,Talagante,30.0,31.62261390686035,Winter
2023-08-12,Parque O'Higgins,98.0,87.50495910644531,Winter
2023-08-12,Cerro Navia,51.0,42.936676025390625,Winter
2023-08-16,Talagante,11.0,27.713621139526367,Winter
2023-08-16,Las Condes,12.0,23.673559188842773,Winter
2023-08-17,Pudahuel,18.0,26.927459716796875,Winter
2023-08-20,Independencia,12.0,20.92302894592285,Winter
2023-08-21,Parque O'Higgins,22.0,45.496490478515625,Winter
2023-08-21,Cerro Navia,2.0,18.962217330932617,Winter
2023-08-22,Talagante,9.0,14.385382652282715,Winter
2023-08-24,Las Condes,20.0,15.229452133178711,Winter
2023-08-26,Pudahuel,27.0,22.04872703552246,Winter
2023-08-27,Talagante,23.0,25.050609588623047,Winter
2023-08-29,Independencia,11.0,19.890544891357422,Winter
2023-08-30,Parque O'Higgins,88.0,61.30696487426758,Winter
2023-08-30,Cerro Navia,23.0,17.871318817138672,Winter
2023-09-02,Talagante,12.0,13.46616268157959,Spring
2023-09-03,Las Condes,16.0,18.828426361083984,Spring
2023-09-04,Pudahuel,41.0,18.66050910949707,Spring
2023-09-07,Talagante,13.0,15.386690139770508,Spring
2023-09-08,Cerro Navia,29.0,19.1484317779541,Spring
2023-09-08,Parque O'Higgins,64.0,41.174434661865234,Spring
2023-09-08,Independencia,25.0,17.254920959472656,Spring
2023-09-12,Las Condes,22.0,18.581579208374023,Spring
2023-09-13,Talagante,21.0,13.08653736114502,Spring
2023-09-14,Pudahuel,27.0,26.710546493530273,Spring
2023-09-17,Independencia,35.0,17.372730255126953,Spring
2023-09-17,Cerro Navia,40.0,16.11075782775879,Spring
2023-09-18,Talagante,25.0,13.502744674682617,Spring
2023-09-18,Parque O'Higgins,86.0,62.93285369873047,Spring
2023-09-21,Las Condes,18.0,21.434091567993164,Spring
2023-09-22,Pudahuel,25.0,19.204803466796875,Spring
2023-09-24,Talagante,8.0,12.099873542785645,Spring
2023-09-26,Independencia,17.0,13.57391357421875,Spring
2023-09-26,Cerro Navia,16.0,16.898021697998047,Spring
2023-09-27,Parque O'Higgins,59.0,52.49848937988281,Spring
2023-09-29,Talagante,25.0,16.45297622680664,Spring
2023-09-30,Las Condes,14.0,18.483240127563477,Spring
2023-10-01,Pudahuel,9.0,14.474772453308105,Spring
2023-10-05,Talagante,6.0,12.368425369262695,Spring
2023-10-05,Cerro Navia,16.0,15.19615364074707,Spring
2023-10-06,Independencia,20.0,12.54886531829834,Spring
2023-10-06,Parque O'Higgins,54.0,46.374290466308594,Spring
2023-10-08,Las Condes,14.0,14.740509986877441,Spring
2023-10-10,Pudahuel,15.0,14.938615798950195,Spring
2023-10-10,Talagante,10.0,12.05458927154541,Spring
2023-10-14,Cerro Navia,17.0,15.260921478271484,Spring
2023-10-15,Independencia,10.0,13.040926933288574,Spring
2023-10-15,Parque O'Higgins,47.0,52.41604995727539,Spring
2023-10-16,Talagante,14.0,12.792068481445312,Spring
2023-10-17,Las Condes,12.0,13.807284355163574,Spring
2023-10-19,Pudahuel,22.0,12.372021675109863,Spring
2023-10-21,Talagante,14.0,11.967556953430176,Spring
2023-10-23,Cerro Navia,12.0,17.527191162109375,Spring
2023-10-24,Parque O'Higgins,59.0,49.2716178894043,Spring
2023-10-24,Independencia,15.0,12.696381568908691,Spring
2023-10-28,Pudahuel,7.0,14.07388973236084,Spring
2023-10-30,Talagante,7.0,11.371016502380371,Spring
2023-11-02,Cerro Navia,17.0,14.513710975646973,Spring
2023-11-02,Parque O'Higgins,41.0,46.06852722167969,Spring
2023-11-03,Independencia,18.0,14.611989974975586,Spring
2023-11-04,Talagante,8.0,11.41939926147461,Spring
2023-11-06,Pudahuel,9.0,13.387104034423828,Spring
2023-11-10,Talagante,7.0,11.303223609924316,Spring
2023-11-11,Parque O'Higgins,28.0,23.531959533691406,Spring
2023-11-12,Cerro Navia,8.0,11.239033699035645,Spring
2023-11-12,Independencia,5.0,9.808515548706055,Spring
2023-11-15,Talagante,11.0,10.461721420288086,Spring
2023-11-15,Pudahuel,10.0,12.978416442871094,Spring
2023-11-21,Parque O'Higgins,45.0,45.39202117919922,Spring
2023-11-21,Independencia,9.0,10.401397705078125,Spring
2023-11-21,Talagante,8.0,13.534473419189453,Spring
2023-11-21,Cerro Navia,9.0,11.080963134765625,Spring
2023-11-24,Pudahuel,18.0,12.89387035369873,Spring
2023-11-26,Talagante,6.0,9.632328987121582,Spring
2023-11-30,Parque O'Higgins,36.0,51.44313430786133,Spring
2023-12-01,Independencia,6.0,13.127042770385742,Summer
2023-12-03,Talagante,12.0,10.234763145446777,Summer
2023-12-03,Pudahuel,12.0,10.554983139038086,Summer
2023-12-04,Las Condes,11.0,12.876391410827637,Summer
2023-12-08,Talagante,12.0,12.537336349487305,Summer
2023-12-09,Parque O'Higgins,78.0,50.08097839355469,Summer
2023-12-10,Independencia,17.0,17.323863983154297,Summer
2023-12-12,Pudahuel,12.0,17.798336029052734,Summer
2023-12-13,Las Condes,12.0,17.31731605529785,Summer
2023-12-14,Talagante,8.0,12.340104103088379,Summer
2023-12-14,Cerro Navia,12.0,22.42732810974121,Summer
2023-12-19,Parque O'Higgins,82.0,53.85059356689453,Summer
2023-12-19,Independencia,29.0,12.743748664855957,Summer
2023-12-19,Talagante,12.0,10.132370948791504,Summer
2023-12-21,Pudahuel,16.0,25.423070907592773,Summer
2023-12-22,Las Condes,14.0,16.581298828125,Summer
2023-12-23,Cerro Navia,14.0,18.442642211914062,Summer
2023-12-25,Talagante,10.0,11.628503799438477,Summer
2023-12-28,Parque O'Higgins,54.0,55.94535446166992,Summer
2023-12-28,Independencia,12.0,13.35329532623291,Summer
2023-12-29,Pudahuel,12.0,19.305898666381836,Summer
2023-12-30,Las Condes,13.0,13.167905807495117,Summer
2023-12-31,Cerro Navia,9.0,11.8446044921875,Summer
2024-01-03,Talagante,13.0,12.04519271850586,Summer
2024-01-06,Parque O'Higgins,33.0,54.92705154418945,Summer
2024-01-07,Pudahuel,8.0,10.724966049194336,Summer
2024-01-07,Independencia,7.0,13.577653884887695,Summer
2024-01-08,Las Condes,9.0,12.15739917755127,Summer
2024-01-08,Talagante,9.0,10.93142318725586,Summer
2024-01-09,Cerro Navia,10.0,16.898269653320312,Summer
2024-01-14,Talagante,11.0,11.758648872375488,Summer
2024-01-15,Parque O'Higgins,49.0,56.3770751953125,Summer
2024-01-16,Independencia,12.0,12.26636028289795,Summer
2024-01-16,Pudahuel,12.0,13.206759452819824,Summer
2024-01-17,Las Condes,12.0,12.691793441772461,Summer
2024-01-18,Cerro Navia,12.0,13.950675010681152,Summer
2024-01-19,Talagante,16.0,12.579578399658203,Summer
2024-01-24,Parque O'Higgins,74.0,73.34746551513672,Summer
2024-01-25,Talagante,7.0,13.25559139251709,Summer
2024-01-25,Independencia,12.0,13.294365882873535,Summer
2024-01-26,Las Condes,13.0,13.556686401367188,Summer
2024-01-27,Cerro Navia,12.0,10.489462852478027,Summer
2024-01-28,Pudahuel,13.0,10.612110137939453,Summer
2024-01-30,Talagante,15.0,11.827316284179688,Summer
2024-02-02,Parque O'Higgins,68.0,57.553592681884766,Summer
2024-02-03,Las Condes,23.0,13.433390617370605,Summer
2024-02-04,Independencia,21.0,18.22374725341797,Summer
2024-02-05,Talagante,14.0,21.24016761779785,Summer
2024-02-07,Cerro Navia,9.0,20.18239974975586,Summer
2024-02-10,Talagante,8.0,13.252387046813965,Summer
2024-02-11,Parque O'Higgins,61.0,58.65587615966797,Summer
2024-02-12,Las Condes,12.0,12.961593627929688,Summer
2024-02-13,Pudahuel,15.0,14.73565673828125,Summer
2024-02-13,Independencia,13.0,12.708887100219727,Summer
2024-02-16,Talagante,11.0,12.950482368469238,Summer
2024-02-16,Cerro Navia,13.0,13.833984375,Summer
2024-02-20,Parque O'Higgins,44.0,61.74541473388672,Summer
2024-02-21,Talagante,4.0,12.368343353271484,Summer
2024-02-21,Las Condes,6.0,13.398189544677734,Summer
2024-02-22,Pudahuel,11.0,10.973686218261719,Summer
2024-02-22,Independencia,9.0,12.154412269592285,Summer
2024-02-25,Cerro Navia,11.0,11.593476295471191,Summer
2024-02-27,Talagante,9.0,10.044443130493164,Summer
2024-02-29,Parque O'Higgins,72.0,59.825496673583984,Summer
2024-03-01,Las Condes,13.0,13.457756042480469,Autumn
2024-03-02,Pudahuel,12.0,16.780261993408203,Autumn
2024-03-03,Independencia,14.0,13.352150917053223,Autumn
2024-03-03,Talagante,12.0,11.948482513427734,Autumn
2024-03-05,Cerro Navia,13.0,14.007793426513672,Autumn
2024-03-09,Talagante,11.0,10.538022994995117,Autumn
2024-03-09,Parque O'Higgins,54.0,54.7996940612793,Autumn
2024-03-10,Las Condes,20.0,12.054276466369629,Autumn
2024-03-11,Pudahuel,7.0,17.30829620361328,Autumn
2024-03-12,Independencia,7.0,15.219679832458496,Autumn
2024-03-14,Talagante,13.0,10.660141944885254,Autumn
2024-03-14,Cerro Navia,17.0,12.455717086791992,Autumn
2024-03-19,Parque O'Higgins,55.0,77.81575775146484,Autumn
2024-03-20,Talagante,17.0,16.765853881835938,Autumn
2024-03-20,Pudahuel,16.0,18.19806671142578,Autumn
2024-03-21,Independencia,14.0,16.919414520263672,Autumn
2024-03-22,Las Condes,14.0,19.997167587280273,Autumn
2024-03-27,Cerro Navia,18.0,15.260130882263184,Autumn
2024-03-28,Parque O'Higgins,60.0,78.42973327636719,Autumn
2024-03-29,Talagante,17.0,17.93718719482422,Autumn
2024-03-29,Pudahuel,22.0,17.323705673217773,Autumn
2024-03-31,Independencia,10.0,17.57326316833496,Autumn
2024-03-31,Las Condes,16.0,18.026660919189453,Autumn
2024-04-04,Talagante,12.0,19.248668670654297,Autumn
2024-04-05,Cerro Navia,11.0,17.900217056274414,Autumn
2024-04-06,Parque O'Higgins,67.0,63.228363037109375,Autumn
2024-04-07,Pudahuel,18.0,14.30154800415039,Autumn
2024-04-09,Independencia,22.0,17.501026153564453,Autumn
2024-04-09,Las Condes,20.0,17.40186309814453,Autumn
2024-04-09,Talagante,15.0,16.132137298583984,Autumn
2024-04-14,Cerro Navia,11.0,18.15277671813965,Autumn
2024-04-15,Pudahuel,21.0,16.976457595825195,Autumn
2024-04-15,Parque O'Higgins,73.0,63.393924713134766,Autumn
2024-04-15,Talagante,15.0,12.059930801391602,Autumn
2024-04-18,Las Condes,22.0,19.345468521118164,Autumn
2024-04-18,Independencia,17.0,28.630664825439453,Autumn
2024-04-20,Talagante,14.0,17.136981964111328,Autumn
2024-04-23,Cerro Navia,19.0,21.504440307617188,Autumn
2024-04-24,Parque O'Higgins,64.0,85.54191589355469,Autumn
2024-04-24,Pudahuel,15.0,24.813623428344727,Autumn
2024-04-26,Talagante,14.0,15.91031265258789,Autumn
2024-04-27,Independencia,23.0,20.096010208129883,Autumn
2024-04-27,Las Condes,22.0,20.649051666259766,Autumn
2024-05-01,Talagante,25.0,26.447792053222656,Autumn
2024-05-02,Cerro Navia,23.0,31.47774887084961,Autumn
2024-05-03,Pudahuel,26.0,34.05723571777344,Autumn
2024-05-03,Parque O'Higgins,59.0,91.58872985839844,Autumn
2024-05-05,Las Condes,17.0,24.09324836730957,Autumn
2024-05-07,Independencia,20.0,22.526674270629883,Autumn
2024-05-10,Talagante,47.0,29.269502639770508,Autumn
2024-05-11,Cerro Navia,45.0,45.62000274658203,Autumn
2024-05-12,Pudahuel,31.0,30.30023956298828,Autumn
2024-05-12,Parque O'Higgins,68.0,62.209327697753906,Autumn
2024-05-14,Las Condes,27.0,30.882125854492188,Autumn
2024-05-16,Talagante,38.0,39.17084884643555,Autumn
2024-05-16,Independencia,51.0,51.419769287109375,Autumn
2024-05-20,Cerro Navia,17.0,55.121795654296875,Autumn
2024-05-21,Pudahuel,19.0,29.84111213684082,Autumn
2024-05-21,Parque O'Higgins,27.0,62.35487747192383,Autumn
2024-05-22,Talagante,18.0,29.927595138549805,Autumn
2024-05-23,Las Condes,29.0,17.77665138244629,Autumn
2024-05-25,Independencia,29.0,58.827396392822266,Autumn
2024-05-27,Talagante,44.0,33.439456939697266,Autumn
2024-05-29,Cerro Navia,81.0,61.41855239868164,Autumn
2024-05-30,Pudahuel,49.0,43.550662994384766,Autumn
2024-05-30,Parque O'Higgins,124.0,108.29019927978516,Autumn
2024-06-01,Las Condes,51.0,33.425941467285156,Winter
2024-06-02,Talagante,45.0,50.77635192871094,Winter
2024-06-04,Independencia,68.0,48.92431640625,Winter
2024-06-06,Cerro Navia,82.0,57.42485046386719,Winter
2024-06-07,Talagante,29.0,64.10369873046875,Winter
2024-06-08,Pudahuel,6.0,39.58090591430664,Winter
2024-06-08,Parque O'Higgins,19.0,103.41754913330078,Winter
2024-06-09,Las Condes,18.0,22.549997329711914,Winter
2024-06-13,Independencia,14.0,41.02872085571289,Winter
2024-06-13,Talagante,18.0,29.223047256469727,Winter
2024-06-15,Cerro Navia,81.0,60.11781692504883,Winter
2024-06-17,Pudahuel,5.0,34.05226135253906,Winter
2024-06-18,Las Condes,7.0,15.346305847167969,Winter
2024-06-18,Parque O'Higgins,36.0,84.03172302246094,Winter
2024-06-18,Talagante,17.0,32.26694107055664,Winter
2024-06-22,Independencia,12.0,33.16014099121094,Winter
2024-06-24,Cerro Navia,31.0,27.3843936920166,Winter
2024-06-24,Talagante,19.0,17.195043563842773,Winter
2024-06-26,Pudahuel,39.0,25.475011825561523,Winter
2024-06-27,Parque O'Higgins,105.0,82.43895721435547,Winter
2024-06-27,Las Condes,34.0,13.721428871154785,Winter
2024-06-29,Talagante,78.0,58.39571762084961,Winter
2024-07-02,Independencia,49.0,63.261962890625,Winter
2024-07-03,Cerro Navia,31.0,45.385780334472656,Winter
2024-07-04,Talagante,50.0,35.02211380004883,Winter
2024-07-05,Pudahuel,61.0,46.30928421020508,Winter
2024-07-06,Parque O'Higgins,113.0,95.73808288574219,Winter
2024-07-06,Las Condes,48.0,45.43263244628906,Winter
2024-07-10,Talagante,65.0,43.71249771118164,Winter
2024-07-11,Independencia,67.0,58.4627685546875,Winter
2024-07-12,Cerro Navia,127.0,68.6789779663086,Winter
2024-07-14,Pudahuel,66.0,63.568077087402344,Winter
2024-07-15,Talagante,76.0,45.98537826538086,Winter
2024-07-15,Parque O'Higgins,139.0,93.31803131103516,Winter
2024-07-17,Las Condes,41.0,34.43647766113281,Winter
2024-07-20,Independencia,37.0,41.79356002807617,Winter
2024-07-21,Talagante,37.0,38.64765548706055,Winter
2024-07-21,Cerro Navia,55.0,54.18508529663086,Winter
2024-07-23,Pudahuel,44.0,49.49186706542969,Winter
2024-07-24,Parque O'Higgins,98.0,98.697265625,Winter
2024-07-25,Las Condes,41.0,36.838958740234375,Winter
2024-07-26,Talagante,48.0,71.53687286376953,Winter
2024-07-30,Cerro Navia,45.0,56.28733444213867,Winter
2024-07-30,Independencia,41.0,53.839481353759766,Winter
2024-07-31,Pudahuel,20.0,49.313720703125,Winter
2024-08-01,Talagante,16.0,32.85403823852539,Winter
2024-08-03,Parque O'Higgins,73.0,85.46734619140625,Winter
2024-08-03,Las Condes,18.0,30.559110641479492,Winter
2024-08-07,Talagante,39.0,22.897964477539062,Winter
2024-08-09,Independencia,35.0,37.84341049194336,Winter
2024-08-10,Cerro Navia,69.0,43.72231674194336,Winter
2024-08-12,Parque O'Higgins,95.0,96.28712463378906,Winter
2024-08-12,Las Condes,30.0,25.990196228027344,Winter
2024-08-13,Pudahuel,43.0,38.04526138305664,Winter
2024-08-13,Talagante,27.0,29.68846321105957,Winter
2024-08-18,Independencia,20.0,22.585979461669922,Winter
2024-08-18,Talagante,11.0,25.665897369384766,Winter
2024-08-19,Cerro Navia,16.0,18.095348358154297,Winter
2024-08-21,Las Condes,9.0,27.79205894470215,Winter
2024-08-22,Pudahuel,12.0,17.771244049072266,Winter
2024-08-24,Talagante,31.0,29.549671173095703,Winter
2024-08-27,Independencia,20.0,34.42483901977539,Winter
2024-08-29,Cerro Navia,18.0,25.167869567871094,Winter
2024-08-29,Talagante,13.0,15.45944595336914,Winter
2024-08-30,Las Condes,35.0,23.26042938232422,Winter
2024-08-31,Pudahuel,31.0,21.443405151367188,Winter
2024-09-01,Parque O'Higgins,35.0,47.54142761230469,Spring
2024-09-04,Talagante,23.0,24.869600296020508,Spring
2024-09-06,Independencia,17.0,16.81116485595703,Spring
2024-09-07,Las Condes,30.0,19.825233459472656,Spring
2024-09-07,Cerro Navia,32.0,19.170711517333984,Spring
2024-09-09,Pudahuel,13.0,24.585960388183594,Spring
2024-09-09,Talagante,8.0,19.515596389770508,Spring
2024-09-10,Parque O'Higgins,67.0,54.69784164428711,Spring
2024-09-15,Independencia,24.0,16.71076774597168,Spring
2024-09-15,Talagante,17.0,14.233838081359863,Spring
2024-09-16,Las Condes,23.0,15.688652038574219,Spring
2024-09-16,Cerro Navia,21.0,17.56401252746582,Spring
2024-09-18,Pudahuel,6.0,15.678549766540527,Spring
2024-09-20,Talagante,4.0,12.321819305419922,Spring
2024-09-20,Parque O'Higgins,26.0,53.705039978027344,Spring
2024-09-24,Independencia,12.0,14.815211296081543,Spring
2024-09-25,Cerro Navia,22.0,16.114686965942383,Spring
2024-09-25,Las Condes,17.0,16.911588668823242,Spring
2024-09-26,Talagante,15.0,19.445833206176758,Spring
2024-09-27,Pudahuel,19.0,16.094926834106445,Spring
2024-09-30,Parque O'Higgins,34.0,56.81058883666992,Spring
2024-10-01,Talagante,11.0,11.029879570007324,Spring
2024-10-04,Cerro Navia,14.0,17.102210998535156,Spring
2024-10-04,Independencia,13.0,14.752408027648926,Spring
2024-10-04,Las Condes,15.0,16.613399505615234,Spring
2024-10-06,Pudahuel,12.0,12.908147811889648,Spring
2024-10-07,Talagante,4.0,10.70993709564209,Spring
2024-10-09,Parque O'Higgins,53.0,50.21770095825195,Spring
2024-10-12,Las Condes,18.0,15.836505889892578,Spring
2024-10-12,Talagante,15.0,9.587641716003418,Spring
2024-10-13,Independencia,13.0,11.961767196655273,Spring
2024-10-13,Cerro Navia,11.0,13.542967796325684,Spring
2024-10-15,Pudahuel,9.0,18.156164169311523,Spring
2024-10-18,Parque O'Higgins,57.0,49.800018310546875,Spring
2024-10-18,Talagante,5.0,11.651562690734863,Spring
2024-10-21,Las Condes,10.0,11.483566284179688,Spring
2024-10-22,Cerro Navia,6.0,13.58312702178955,Spring
2024-10-22,Independencia,6.0,11.122167587280273,Spring
2024-10-23,Talagante,8.0,10.0460844039917,Spring
2024-10-24,Pudahuel,7.0,12.78209114074707,Spring
2024-10-27,Parque O'Higgins,61.0,46.05045700073242,Spring
2024-10-29,Talagante,8.0,9.690447807312012,Spring
2024-10-30,Las Condes,15.0,13.834611892700195,Spring
2024-10-30,Cerro Navia,11.0,11.496132850646973,Spring
2024-11-01,Independencia,11.0,13.318402290344238,Spring
2024-11-02,Pudahuel,6.0,11.096753120422363,Spring
2024-11-03,Talagante,8.0,9.311188697814941,Spring
2024-11-05,Parque O'Higgins,54.0,54.46229553222656,Spring
2024-11-08,Las Condes,12.0,12.768678665161133,Spring
2024-11-09,Talagante,5.0,10.955595970153809,Spring
2024-11-10,Independencia,7.0,9.924633979797363,Spring
2024-11-10,Cerro Navia,5.0,9.222062110900879,Spring
2024-11-10,Pudahuel,4.0,8.176958084106445,Spring
2024-11-14,Talagante,7.0,12.078617095947266,Spring
2024-11-14,Parque O'Higgins,53.0,58.81245422363281,Spring
2024-11-17,Las Condes,11.0,12.056891441345215,Spring
2024-11-19,Pudahuel,10.0,10.767313957214355,Spring
2024-11-19,Independencia,10.0,10.81985855102539,Spring
2024-11-19,Cerro Navia,11.0,11.039640426635742,Spring
2024-11-20,Talagante,8.0,10.702092170715332,Spring
2024-11-23,Parque O'Higgins,29.0,44.57889175415039,Spring
2024-11-25,Talagante,6.0,9.442997932434082,Spring
2024-11-25,Las Condes,10.0,10.949372291564941,Spring
2024-11-28,Pudahuel,10.0,7.400807857513428,Spring
2024-11-28,Cerro Navia,9.0,10.432165145874023,Spring
2024-11-29,Independencia,7.0,10.482644081115723,Spring
2024-12-01,Talagante,7.0,9.749506950378418,Summer
2024-12-03,Parque O'Higgins,58.0,57.315093994140625,Summer
2024-12-04,Las Condes,9.0,14.085430145263672,Summer
2024-12-06,Talagante,7.0,9.921285629272461,Summer
2024-12-07,Cerro Navia,8.0,10.857526779174805,Summer
2024-12-07,Pudahuel,6.0,9.228531837463379,Summer
2024-12-08,Independencia,10.0,9.783907890319824,Summer
2024-12-11,Talagante,7.0,10.422162055969238,Summer
2024-12-12,Parque O'Higgins,59.0,61.96361541748047,Summer
2024-12-13,Las Condes,13.0,13.312559127807617,Summer
2024-12-16,Cerro Navia,9.0,12.612757682800293,Summer
2024-12-16,Pudahuel,8.0,13.625357627868652,Summer
2024-12-17,Independencia,10.0,11.3108549118042,Summer
2024-12-17,Talagante,8.0,10.208552360534668,Summer
2024-12-21,Parque O'Higgins,54.0,47.51716232299805,Summer
2024-12-22,Talagante,14.0,14.034614562988281,Summer
2024-12-22,Las Condes,15.0,16.231815338134766,Summer
2024-12-25,Cerro Navia,10.0,12.743853569030762,Summer
2024-12-25,Pudahuel,10.0,12.929133415222168,Summer
2024-12-27,Independencia,7.0,11.323670387268066,Summer
2024-12-28,Talagante,7.0,11.605932235717773,Summer
2024-12-31,Las Condes,15.0,13.865364074707031,Summer
2024-12-31,Parque O'Higgins,43.0,54.951873779296875,Summer
2025-01-02,Talagante,12.0,16.05264663696289,Summer
2025-01-03,Cerro Navia,11.0,13.293631553649902,Summer
2025-01-03,Pudahuel,10.0,12.966672897338867,Summer
2025-01-05,Independencia,9.0,10.20356559753418,Summer
2025-01-08,Talagante,6.0,9.0941162109375,Summer
2025-01-08,Las Condes,11.0,12.759861946105957,Summer
2025-01-09,Parque O'Higgins,52.0,54.059146881103516,Summer
2025-01-12,Cerro Navia,10.0,10.84061336517334,Summer
2025-01-12,Pudahuel,8.0,10.41356372833252,Summer
2025-01-13,Talagante,9.0,10.685159683227539,Summer
2025-01-14,Independencia,6.0,9.298931121826172,Summer
2025-01-17,Las Condes,12.0,11.625324249267578,Summer
2025-01-18,Parque O'Higgins,31.0,45.162776947021484,Summer
2025-01-19,Talagante,9.0,9.626709938049316,Summer
2025-01-21,Pudahuel,6.0,10.102522850036621,Summer
2025-01-23,Independencia,8.0,9.538679122924805,Summer
2025-01-23,Cerro Navia,8.0,9.746856689453125,Summer
2025-01-24,Talagante,12.0,9.241881370544434,Summer
2025-01-26,Las Condes,12.0,13.341165542602539,Summer
2025-01-27,Parque O'Higgins,51.0,54.802207946777344,Summer
2025-01-30,Talagante,9.0,14.474708557128906,Summer
2025-01-30,Pudahuel,13.0,14.789008140563965,Summer
2025-02-01,Cerro Navia,7.0,14.103904724121094,Summer
2025-02-02,Independencia,7.0,12.178718566894531,Summer
2025-02-04,Talagante,8.0,12.392319679260254,Summer
2025-02-04,Las Condes,10.0,13.527055740356445,Summer
2025-02-05,Parque O'Higgins,52.0,60.49911880493164,Summer
2025-02-10,Cerro Navia,15.0,14.651029586791992,Summer
2025-02-10,Talagante,16.0,14.251761436462402,Summer
2025-02-11,Independencia,13.0,11.685187339782715,Summer
2025-02-12,Las Condes,19.0,15.892393112182617,Summer
2025-02-13,Pudahuel,16.0,16.856443405151367,Summer
2025-02-14,Parque O'Higgins,43.0,53.96433639526367,Summer
2025-02-15,Talagante,6.0,12.944207191467285,Summer
2025-02-19,Cerro Navia,9.0,11.523194313049316,Summer
2025-02-20,Independencia,9.0,11.528061866760254,Summer
2025-02-21,Las Condes,15.0,16.387670516967773,Summer
2025-02-21,Talagante,9.0,10.79649829864502,Summer
2025-02-22,Pudahuel,9.0,13.313942909240723,Summer
2025-02-23,Parque O'Higgins,49.0,54.84328079223633,Summer
2025-02-27,Talagante,3.0,10.17737865447998,Summer
2025-03-01,Cerro Navia,5.0,9.84109878540039,Autumn
2025-03-03,Independencia,6.0,12.403505325317383,Autumn
2025-03-03,Las Condes,12.0,13.8185396194458,Autumn
2025-03-03,Pudahuel,8.0,13.458569526672363,Autumn
2025-03-05,Talagante,4.0,7.638659477233887,Autumn
2025-03-05,Parque O'Higgins,50.0,60.66307830810547,Autumn
2025-03-10,Talagante,10.0,7.0199666023254395,Autumn
2025-03-10,Cerro Navia,11.0,11.00410270690918,Autumn
2025-03-12,Pudahuel,16.0,11.776540756225586,Autumn
2025-03-12,Independencia,16.0,12.535475730895996,Autumn
2025-03-12,Las Condes,17.0,14.232478141784668,Autumn
2025-03-14,Parque O'Higgins,49.0,63.5031623840332,Autumn
2025-03-16,Talagante,11.0,8.521212577819824,Autumn
2025-03-19,Cerro Navia,12.0,12.58704662322998,Autumn
2025-03-21,Pudahuel,10.0,14.493179321289062,Autumn
2025-03-21,Talagante,8.0,13.05118179321289,Autumn
2025-03-21,Independencia,9.0,17.4143009185791,Autumn
2025-03-23,Parque O'Higgins,58.0,57.891082763671875,Autumn
2025-03-25,Las Condes,19.0,15.768170356750488,Autumn
2025-03-27,Talagante,13.0,15.316170692443848,Autumn
2025-03-28,Cerro Navia,21.0,18.109392166137695,Autumn
2025-03-30,Pudahuel,13.0,15.799070358276367,Autumn
2025-03-31,Independencia,24.0,14.084991455078125,Autumn
2025-04-01,Talagante,16.0,14.939013481140137,Autumn
2025-04-02,Las Condes,13.0,26.22661781311035,Autumn
2025-04-06,Parque O'Higgins,74.0,63.774696350097656,Autumn
2025-04-08,Pudahuel,28.0,17.10919189453125,Autumn
2025-04-09,Cerro Navia,14.0,19.901275634765625,Autumn
2025-04-09,Independencia,16.0,17.831403732299805,Autumn
2025-04-11,Talagante,19.0,13.98726749420166,Autumn
2025-04-11,Las Condes,20.0,19.79424285888672,Autumn
2025-04-15,Parque O'Higgins,67.0,75.88430786132812,Autumn
2025-04-16,Talagante,16.0,17.09674644470215,Autumn
2025-04-17,Pudahuel,19.0,18.905895233154297,Autumn
2025-04-18,Independencia,30.0,18.81833267211914,Autumn
2025-04-18,Cerro Navia,31.0,21.527076721191406,Autumn
2025-04-20,Las Condes,20.0,21.783159255981445,Autumn
2025-04-22,Talagante,11.0,19.246353149414062,Autumn
2025-04-24,Parque O'Higgins,41.0,67.98088836669922,Autumn
2025-04-26,Pudahuel,23.0,19.177574157714844,Autumn
2025-04-27,Cerro Navia,27.0,27.266557693481445,Autumn
2025-04-27,Talagante,20.0,15.64011001586914,Autumn
2025-04-28,Independencia,21.0,23.359294891357422,Autumn
2025-04-29,Las Condes,32.0,24.288822174072266,Autumn
2025-05-03,Talagante,28.0,33.875240325927734,Autumn
2025-05-03,Parque O'Higgins,82.0,90.52685546875,Autumn
2025-05-05,Pudahuel,51.0,25.8631534576416,Autumn
2025-05-06,Cerro Navia,40.0,37.642250061035156,Autumn
2025-05-07,Independencia,18.0,31.589189529418945,Autumn
2025-05-08,Talagante,25.0,38.60883331298828,Autumn
2025-05-08,Las Condes,17.0,25.850629806518555,Autumn
2025-05-11,Cerrillos II,102.0,91.24335479736328,Autumn
2025-05-12,Parque O'Higgins,105.0,92.40322875976562,Autumn
2025-05-12,Cerrillos II,95.0,102.20510864257812,Autumn
2025-05-13,Cerrillos II,93.0,115.7372055053711,Autumn
2025-05-14,Talagante,57.0,46.689632415771484,Autumn
2025-05-15,Pudahuel,53.0,46.95643997192383,Autumn
2025-05-15,Cerro Navia,49.0,51.5406608581543,Autumn
2025-05-15,Cerrillos II,111.0,99.66973876953125,Autumn
2025-05-16,Las Condes,40.0,39.087364196777344,Autumn
2025-05-16,Cerrillos II,65.0,94.21080017089844,Autumn
2025-05-16,Independencia,35.0,58.20081329345703,Autumn
2025-05-17,Cerrillos II,70.0,76.16187286376953,Autumn
2025-05-18,Cerrillos II,51.0,91.54629516601562,Autumn
2025-05-19,Talagante,29.0,29.476539611816406,Autumn
2025-05-20,Cerrillos II,76.0,72.82211303710938,Autumn
2025-05-21,Cerrillos II,141.0,111.11389923095703,Autumn
2025-05-21,Parque O'Higgins,123.0,100.43739318847656,Autumn
2025-05-22,Cerrillos II,138.0,75.8963394165039,Autumn
2025-05-23,Cerrillos II,125.0,101.31819915771484,Autumn
2025-05-24,Pudahuel,41.0,54.2741584777832,Autumn
2025-05-24,Cerro Navia,58.0,68.2779541015625,Autumn
2025-05-25,Independencia,13.0,46.115455627441406,Autumn
2025-05-25,Talagante,12.0,45.59528350830078,Autumn
2025-05-25,Las Condes,15.0,28.995153427124023,Autumn
2025-05-25,Cerrillos II,31.0,107.26493835449219,Autumn
2025-05-26,Cerrillos II,33.0,86.31816101074219,Autumn
2025-05-27,Cerrillos II,134.0,74.35953521728516,Autumn
2025-05-28,Cerrillos II,119.0,140.8876495361328,Autumn
2025-05-29,Cerrillos II,91.0,116.83580017089844,Autumn
2025-05-30,Talagante,38.0,45.480369567871094,Autumn
2025-05-30,Parque O'Higgins,114.0,111.5586929321289,Autumn
2025-05-31,Cerrillos II,112.0,116.0367660522461,Autumn
2025-06-01,Cerrillos II,145.0,106.29696655273438,Winter
2025-06-02,Cerro Navia,76.0,56.7725715637207,Winter
2025-06-02,Pudahuel,72.0,44.097415924072266,Winter
2025-06-02,Cerrillos II,194.0,132.8992462158203,Winter
2025-06-03,Las Condes,56.0,43.050872802734375,Winter
2025-06-03,Cerrillos II,151.0,122.43679809570312,Winter
2025-06-04,Talagante,84.0,67.77496337890625,Winter
2025-06-04,Independencia,82.0,63.91574478149414,Winter
2025-06-05,Cerrillos II,121.0,146.28128051757812,Winter
2025-06-06,Cerrillos II,112.0,101.61082458496094,Winter
2025-06-07,Cerrillos II,160.0,122.07563781738281,Winter
2025-06-08,Cerrillos II,153.0,132.31060791015625,Winter
2025-06-08,Parque O'Higgins,123.0,127.55223083496094,Winter
2025-06-09,Cerrillos II,128.0,151.87901306152344,Winter
2025-06-10,Talagante,46.0,60.92552185058594,Winter
2025-06-11,Pudahuel,26.0,45.252098083496094,Winter
2025-06-11,Cerrillos II,54.0,94.81694793701172,Winter
2025-06-11,Cerro Navia,26.0,36.80931854248047,Winter
2025-06-12,Cerrillos II,86.0,72.72286987304688,Winter
2025-06-13,Independencia,55.0,66.03441619873047,Winter
2025-06-13,Cerrillos II,87.0,109.14717864990234,Winter
2025-06-14,Cerrillos II,69.0,65.0218505859375,Winter
2025-06-14,Las Condes,21.0,30.787797927856445,Winter
2025-06-15,Talagante,18.0,32.883758544921875,Winter
2025-06-16,Cerrillos II,96.0,79.5599365234375,Winter
2025-06-17,Cerrillos II,125.0,106.88484191894531,Winter
2025-06-17,Parque O'Higgins,107.0,73.47388458251953,Winter
2025-06-18,Cerrillos II,133.0,123.81782531738281,Winter
2025-06-19,Cerrillos II,107.0,122.14643096923828,Winter
2025-06-20,Pudahuel,51.0,44.891475677490234,Winter
2025-06-20,Cerro Navia,61.0,77.54353332519531,Winter
2025-06-21,Talagante,21.0,46.10115051269531,Winter
2025-06-21,Cerrillos II,27.0,98.56660461425781,Winter
2025-06-22,Cerrillos II,62.0,76.77611541748047,Winter
2025-06-22,Independencia,25.0,34.61091613769531,Winter
2025-06-22,Las Condes,31.0,30.194150924682617,Winter
2025-06-23,Cerrillos II,89.0,111.34092712402344,Winter
2025-06-24,Cerrillos II,73.0,92.36532592773438,Winter
2025-06-25,Cerrillos II,87.0,80.25550842285156,Winter
2025-06-26,Parque O'Higgins,113.0,104.67301940917969,Winter
2025-06-26,Talagante,55.0,41.20791244506836,Winter
2025-06-27,Cerrillos II,91.0,107.11088562011719,Winter
2025-06-28,Cerrillos II,104.0,110.16817474365234,Winter
2025-06-29,Cerrillos II,145.0,117.49267578125,Winter
2025-06-29,Cerro Navia,73.0,86.38280487060547,Winter
2025-06-29,Pudahuel,59.0,44.00326919555664,Winter
2025-06-30,Cerrillos II,166.0,116.8263168334961,Winter
2025-07-01,Las Condes,46.0,46.22678756713867,Winter
2025-07-02,Talagante,59.0,43.819984436035156,Winter
2025-07-02,Cerrillos II,153.0,121.74463653564453,Winter
2025-07-02,Independencia,69.0,57.00666427612305,Winter
2025-07-03,Cerrillos II,109.0,113.52528381347656,Winter
2025-07-04,Cerrillos II,58.0,111.72917175292969,Winter
2025-07-05,Cerrillos II,50.0,87.70142364501953,Winter
2025-07-06,Cerrillos II,93.0,95.43489074707031,Winter
2025-07-06,Parque O'Higgins,77.0,84.05120849609375,Winter
2025-07-07,Talagante,41.0,42.970184326171875,Winter
2025-07-08,Cerro Navia,34.0,38.319278717041016,Winter
2025-07-08,Cerrillos II,62.0,95.71578216552734,Winter
2025-07-08,Pudahuel,39.0,34.306549072265625,Winter
2025-07-09,Cerrillos II,121.0,65.24091339111328,Winter
2025-07-10,Las Condes,57.0,49.83189392089844,Winter
2025-07-10,Cerrillos II,176.0,113.50919342041016,Winter
2025-07-11,Cerrillos II,171.0,130.96463012695312,Winter
2025-07-11,Independencia,99.0,81.1447525024414,Winter
2025-07-13,Cerrillos II,103.0,119.9704818725586,Winter
2025-07-13,Talagante,59.0,59.63964080810547,Winter
2025-07-14,Cerrillos II,131.0,90.981201171875,Winter
2025-07-15,Parque O'Higgins,110.0,123.20197296142578,Winter
2025-07-15,Cerrillos II,105.0,124.1783218383789,Winter
2025-07-16,Cerrillos II,164.0,117.70002746582031,Winter
2025-07-17,Pudahuel,43.0,53.02253723144531,Winter
2025-07-17,Cerro Navia,66.0,78.1036605834961,Winter
2025-07-18,Cerrillos II,120.0,136.57618713378906,Winter
2025-07-18,Talagante,70.0,63.2759895324707,Winter
2025-07-19,Cerrillos II,112.0,115.25874328613281,Winter
2025-07-19,Las Condes,39.0,33.5699462890625,Winter
2025-07-20,Cerrillos II,145.0,101.97102355957031,Winter
2025-07-20,Independencia,48.0,48.057884216308594,Winter
2025-07-21,Cerrillos II,156.0,127.73985290527344,Winter
2025-07-22,Cerrillos II,114.0,117.2578353881836,Winter
2025-07-24,Parque O'Higgins,122.0,87.57054901123047,Winter
2025-07-24,Talagante,53.0,36.65017318725586,Winter
2025-07-24,Cerrillos II,129.0,90.02021026611328,Winter
2025-07-25,Cerrillos II,131.0,83.5662612915039,Winter
2025-07-26,Cerrillos II,103.0,109.96931457519531,Winter
2025-07-26,Cerro Navia,54.0,62.07242965698242,Winter
2025-07-26,Pudahuel,49.0,41.19163131713867,Winter
2025-07-27,Cerrillos II,141.0,114.84951782226562,Winter
2025-07-28,Las Condes,37.0,53.91047286987305,Winter
2025-07-29,Cerrillos II,97.0,112.82925415039062,Winter
2025-07-29,Talagante,24.0,47.87760543823242,Winter
2025-07-30,Independencia,11.0,36.40182113647461,Winter
2025-07-30,Cerrillos II,57.0,116.6764907836914,Winter
2025-07-31,Cerrillos II,16.0,87.21602630615234,Winter
2025-08-01,Cerrillos II,39.0,72.93215942382812,Winter
2025-08-02,Parque O'Higgins,73.0,65.72716522216797,Winter
2025-08-03,Cerrillos II,125.0,82.57975769042969,Winter
2025-08-04,Pudahuel,31.0,38.407928466796875,Winter
2025-08-04,Cerro Navia,51.0,52.7928352355957,Winter
2025-08-04,Talagante,41.0,37.440670013427734,Winter
2025-08-04,Cerrillos II,107.0,85.66546630859375,Winter
2025-08-05,Cerrillos II,87.0,106.51000213623047,Winter
2025-08-05,Las Condes,21.0,32.390724182128906,Winter
2025-08-06,Cerrillos II,79.0,97.65953063964844,Winter
2025-08-07,Cerrillos II,121.0,95.90692138671875,Winter
2025-08-08,Independencia,21.0,48.28940200805664,Winter
2025-08-09,Cerrillos II,79.0,70.30554962158203,Winter
2025-08-09,Talagante,48.0,31.507217407226562,Winter
2025-08-10,Cerrillos II,126.0,88.12557220458984,Winter
2025-08-11,Parque O'Higgins,102.0,112.32778930664062,Winter
2025-08-11,Cerrillos II,107.0,102.41630554199219,Winter
2025-08-12,Cerrillos II,121.0,86.82518005371094,Winter
2025-08-13,Cerro Navia,38.0,46.887935638427734,Winter
2025-08-13,Pudahuel,30.0,39.339622497558594,Winter
2025-08-14,Cerrillos II,21.0,80.79077911376953,Winter
2025-08-14,Las Condes,13.0,34.80017852783203,Winter
2025-08-15,Talagante,17.0,25.819786071777344,Winter
2025-08-15,Cerrillos II,40.0,56.17877960205078,Winter
2025-08-16,Cerrillos II,53.0,79.99577331542969,Winter
2025-08-17,Independencia,23.0,32.034122467041016,Winter
2025-08-17,Cerrillos II,61.0,72.68289947509766,Winter
2025-08-18,Cerrillos II,47.0,71.31167602539062,Winter
2025-08-20,Talagante,9.0,27.221792221069336,Winter
2025-08-20,Parque O'Higgins,21.0,57.47674560546875,Winter
2025-08-20,Cerrillos II,22.0,56.88938522338867,Winter
2025-08-21,Cerrillos II,14.0,50.56746292114258,Winter
2025-08-22,Cerro Navia,31.0,17.91538429260254,Winter
2025-08-22,Pudahuel,19.0,15.014104843139648,Winter
2025-08-22,Cerrillos II,45.0,39.09477233886719,Winter
2025-08-23,Las Condes,11.0,15.28974437713623,Winter
2025-08-23,Cerrillos II,67.0,47.25046157836914,Winter
2025-08-25,Cerrillos II,116.0,96.25508117675781,Winter
2025-08-26,Talagante,19.0,25.582504272460938,Winter
2025-08-26,Cerrillos II,114.0,98.82662200927734,Winter
2025-08-27,Independencia,24.0,30.504322052001953,Winter
2025-08-27,Cerrillos II,41.0,88.74972534179688,Winter
2025-08-28,Cerrillos II,33.0,56.95340347290039,Winter
2025-08-29,Parque O'Higgins,36.0,40.853824615478516,Winter
2025-08-30,Cerro Navia,30.0,23.13980484008789,Winter
2025-08-30,Cerrillos II,53.0,54.139163970947266,Winter
2025-08-31,Cerrillos II,76.0,41.82810974121094,Winter
2025-08-31,Pudahuel,24.0,23.064090728759766,Winter
2025-08-31,Talagante,28.0,21.657209396362305,Winter
2025-09-01,Cerrillos II,41.0,79.30431365966797,Spring
2025-09-01,Las Condes,20.0,25.784561157226562,Spring
2025-09-02,Cerrillos II,51.0,55.509559631347656,Spring
2025-09-03,Cerrillos II,85.0,78.03652954101562,Spring
2025-09-05,Cerrillos II,40.0,61.895511627197266,Spring
2025-09-05,Independencia,21.0,25.023330688476562,Spring
2025-09-06,Talagante,10.0,13.23475170135498,Spring
2025-09-06,Cerrillos II,30.0,32.60593795776367,Spring
2025-09-07,Cerrillos II,46.0,46.61498260498047,Spring
2025-09-07,Parque O'Higgins,52.0,47.455177307128906,Spring
2025-09-08,Cerro Navia,17.0,20.411741256713867,Spring
2025-09-08,Cerrillos II,69.0,78.50944519042969,Spring
2025-09-09,Pudahuel,12.0,18.531156539916992,Spring
2025-09-10,Cerrillos II,76.0,50.93191909790039,Spring
2025-09-10,Las Condes,21.0,18.410566329956055,Spring
2025-09-11,Talagante,18.0,17.232606887817383,Spring
2025-09-11,Cerrillos II,96.0,54.93939208984375,Spring
2025-09-12,Cerrillos II,35.0,53.54945373535156,Spring
2025-09-13,Cerrillos II,35.0,44.139366149902344,Spring
2025-09-14,Independencia,18.0,14.735611915588379,Spring
2025-09-15,Cerrillos II,84.0,65.06986999511719,Spring
2025-09-16,Cerrillos II,46.0,80.55308532714844,Spring
2025-09-16,Parque O'Higgins,53.0,68.55341339111328,Spring
2025-09-17,Cerrillos II,43.0,61.79269027709961,Spring
2025-09-17,Cerro Navia,26.0,22.113910675048828,Spring
2025-09-18,Las Condes,18.0,18.803407669067383,Spring
2025-09-18,Pudahuel,19.0,18.890331268310547,Spring
2025-09-18,Cerrillos II,39.0,51.885986328125,Spring
2025-09-18,Talagante,10.0,13.941081047058105,Spring
2025-09-19,Cerrillos II,17.0,40.15362548828125,Spring
2025-09-21,Cerrillos II,50.0,33.48259353637695,Spring
2025-09-22,Cerrillos II,64.0,60.37632369995117,Spring
2025-09-23,Talagante,21.0,14.528360366821289,Spring
2025-09-23,Cerrillos II,74.0,64.94914245605469,Spring
2025-09-24,Cerrillos II,77.0,68.29753875732422,Spring
2025-09-24,Independencia,14.0,20.356420516967773,Spring
2025-09-25,Parque O'Higgins,31.0,45.34204864501953,Spring
2025-09-26,Cerro Navia,23.0,15.82874870300293,Spring
2025-09-26,Cerrillos II,53.0,37.47726821899414,Spring
2025-09-26,Pudahuel,18.0,13.937533378601074,Spring
2025-09-27,Cerrillos II,41.0,49.15369415283203,Spring
2025-09-27,Las Condes,16.0,16.019676208496094,Spring
2025-09-28,Cerrillos II,42.0,52.21196365356445,Spring
2025-09-29,Cerrillos II,51.0,57.46378707885742,Spring
2025-09-29,Talagante,12.0,13.251139640808105,Spring
2025-09-30,Cerrillos II,81.0,58.779052734375,Spring
2025-10-02,Cerrillos II,101.0,62.4926872253418,Spring
2025-10-03,Cerrillos II,18.0,42.76690673828125,Spring
2025-10-04,Independencia,3.0,10.59986400604248,Spring
2025-10-04,Talagante,5.0,14.927681922912598,Spring
2025-10-04,Cerrillos II,12.0,29.946626663208008,Spring
2025-10-05,Cerro Navia,9.0,12.807361602783203,Spring
2025-10-05,Cerrillos II,35.0,39.1591682434082,Spring
2025-10-05,Parque O'Higgins,36.0,35.700321197509766,Spring
2025-10-05,Pudahuel,9.0,10.386208534240723,Spring
2025-10-06,Las Condes,12.0,11.040040969848633,Spring
2025-10-07,Cerrillos II,63.0,56.797828674316406,Spring
2025-10-08,Cerrillos II,83.0,55.840553283691406,Spring
2025-10-09,Cerrillos II,83.0,57.30320358276367,Spring
2025-10-10,Cerrillos II,23.0,45.01596450805664,Spring
2025-10-10,Talagante,7.0,11.921516418457031,Spring
2025-10-12,Cerrillos II,56.0,38.86567306518555,Spring
2025-10-13,Cerrillos II,53.0,67.80079650878906,Spring
2025-10-13,Independencia,11.0,13.053486824035645,Spring
2025-10-14,Cerro Navia,15.0,14.237305641174316,Spring
2025-10-14,Parque O'Higgins,53.0,59.01799392700195,Spring
2025-10-14,Pudahuel,13.0,13.922553062438965,Spring
2025-10-14,Cerrillos II,49.0,53.68897247314453,Spring
2025-10-15,Talagante,13.0,11.709977149963379,Spring
2025-10-15,Las Condes,17.0,13.93343734741211,Spring
2025-10-15,Cerrillos II,63.0,51.75138854980469,Spring
2025-10-16,Cerrillos II,72.0,59.58894348144531,Spring
2025-10-18,Cerrillos II,56.0,39.34818649291992,Spring
2025-10-19,Cerrillos II,58.0,51.07146072387695,Spring
2025-10-20,Cerrillos II,64.0,52.20454788208008,Spring
2025-10-21,Cerrillos II,66.0,50.05221939086914,Spring
2025-10-22,Independencia,9.0,11.9823579788208,Spring
2025-10-23,Cerro Navia,8.0,12.996415138244629,Spring
2025-10-23,Las Condes,13.0,14.791754722595215,Spring
2025-10-23,Cerrillos II,56.0,53.59691619873047,Spring
2025-10-23,Pudahuel,7.0,12.393295288085938,Spring
2025-10-23,Parque O'Higgins,50.0,52.99639892578125,Spring
2025-10-24,Cerrillos II,40.0,41.02338790893555,Spring
2025-10-25,Cerrillos II,44.0,40.44034957885742,Spring
2025-10-25,Talagante,13.0,9.80346965789795,Spring
2025-10-26,Cerrillos II,50.0,47.755558013916016,Spring
2025-10-27,Cerrillos II,66.0,51.23664474487305,Spring
2025-10-29,Cerrillos II,64.0,51.011695861816406,Spring
2025-10-30,Talagante,8.0,10.101688385009766,Spring
2025-10-30,Cerrillos II,54.0,54.67740249633789,Spring
2025-10-31,Cerrillos II,27.0,45.675472259521484,Spring
2025-11-01,Independencia,8.0,9.57122802734375,Spring
2025-11-01,Las Condes,17.0,16.350252151489258,Spring
2025-11-01,Cerro Navia,7.0,9.940709114074707,Spring
2025-11-01,Pudahuel,11.0,9.12624740600586,Spring
2025-11-01,Parque O'Higgins,43.0,41.376041412353516,Spring
2025-11-01,Cerrillos II,40.0,37.544898986816406,Spring
2025-11-03,Cerrillos II,43.0,48.38626480102539,Spring
2025-11-04,Cerrillos II,59.0,51.2334098815918,Spring
2025-11-05,Cerrillos II,34.0,47.470516204833984,Spring
2025-11-05,Talagante,8.0,10.715396881103516,Spring
2025-11-06,Cerrillos II,29.0,46.090911865234375,Spring
2025-11-08,Cerrillos II,29.0,37.37504959106445,Spring
2025-11-09,Cerrillos II,47.0,42.01454162597656,Spring
2025-11-10,Parque O'Higgins,37.0,45.80482864379883,Spring
2025-11-10,Cerro Navia,5.0,9.391975402832031,Spring
2025-11-10,Independencia,5.0,7.836171627044678,Spring
2025-11-10,Las Condes,12.0,12.772578239440918,Spring
2025-11-10,Pudahuel,7.0,8.546354293823242,Spring
2025-11-10,Cerrillos II,46.0,43.1545295715332,Spring
2025-11-10,Talagante,4.0,10.00247573852539,Spring
