date,site,actual,persist,xgb,delta
2022-01-10,Copper View,26.358333,14.291667,11.933042526245117,12.066665999999998
2022-01-15,Copper View,25.1,21.475,17.85052490234375,3.625
2022-01-20,Copper View,7.7375,17.775,11.883258819580078,10.037499999999998
2022-01-24,Copper View,8.725,15.15,15.64333438873291,6.425000000000001
2022-01-29,Copper View,30.366667,20.491667,21.567487716674805,9.875
2022-02-03,Copper View,15.129167,7.666667,7.867048740386963,7.4625
2022-02-08,Copper View,14.9875,13.5875,12.132794380187988,1.4000000000000004
2022-02-13,Copper View,5.582609,8.1375,7.944289684295654,2.5548909999999996
2022-02-18,Copper View,4.383333,6.1375,6.657548904418945,1.7541669999999998
2022-02-22,Copper View,4.391667,3.233333,4.193238735198975,1.158334
2022-02-27,Copper View,13.558333,10.408333,12.987006187438965,3.1499999999999986
2022-03-04,Copper View,2.395833,3.05,4.378990173339844,0.6541669999999997
2022-03-09,Copper View,3.225,1.820833,5.070517063140869,1.4041670000000002
2022-03-14,Copper View,2.458333,6.066667,4.336875915527344,3.6083339999999997
2022-03-19,Copper View,3.420833,4.179167,4.5523552894592285,0.7583339999999996
2022-03-23,Copper View,5.604167,5.5375,6.314403057098389,0.0666670000000007
2022-03-28,Copper View,7.783333,2.883333,4.18698263168335,4.9
2022-04-02,Copper View,4.875,4.5,4.979163646697998,0.375
2022-04-07,Copper View,7.345833,7.0375,5.891510963439941,0.3083330000000002
2022-04-12,Copper View,2.820833,2.795833,4.306227684020996,0.02499999999999991
2022-04-17,Copper View,9.03913,4.620833,4.177150726318359,4.418297
2022-04-21,Copper View,4.529167,21.970833,6.720835208892822,17.441665999999998
2022-04-26,Copper View,10.279167,8.7,4.544582843780518,1.579167
2022-05-01,Copper View,3.85,2.741667,5.390903949737549,1.108333
2022-05-06,Copper View,16.120833,9.904167,6.225125789642334,6.216666000000002
2022-05-11,Copper View,2.691667,5.095833,5.834405422210693,2.404166
2022-05-15,Copper View,6.125,4.579167,7.445468425750732,1.545833
2022-05-20,Copper View,4.225,2.820833,4.309731960296631,1.4041669999999997
2022-05-25,Copper View,5.929167,5.775,6.8586106300354,0.15416699999999928
2022-05-30,Copper View,2.679167,0.920833,5.654787540435791,1.758334
2022-06-04,Copper View,4.658333,6.695833,6.333825588226318,2.0375000000000005
2022-06-09,Copper View,10.1125,9.245833,8.000629425048828,0.8666670000000014
2022-06-13,Copper View,5.141667,5.141667,7.458289623260498,0.0
2022-06-18,Copper View,13.0625,23.4,18.352401733398438,10.337499999999999
2022-06-23,Copper View,21.458333,12.495833,8.130424499511719,8.9625
2022-06-28,Copper View,13.620833,7.6625,8.971887588500977,5.958333
2022-07-03,Copper View,8.420833,10.433333,12.259775161743164,2.0124999999999993
2022-07-08,Copper View,8.204167,6.616667,7.970918655395508,1.5875000000000004
2022-07-12,Copper View,6.7125,10.704545,9.829571723937988,3.992044999999999
2022-07-17,Copper View,7.2375,11.025,13.020010948181152,3.7875000000000005
2022-07-22,Copper View,10.345833,7.791667,9.461526870727539,2.5541660000000004
2022-07-27,Copper View,8.533333,8.3125,9.415976524353027,0.22083300000000072
2022-08-01,Copper View,7.45,5.279167,7.555014133453369,2.170833
2022-08-05,Copper View,5.1,8.325,15.396029472351074,3.2249999999999996
2022-08-10,Copper View,5.775,5.408333,10.664437294006348,0.3666670000000005
2022-08-15,Copper View,5.9125,5.941667,13.3497896194458,0.029167000000000165
2022-08-20,Copper View,4.766667,6.404167,5.757338047027588,1.6375000000000002
2022-08-25,Copper View,3.804167,5.079167,8.732385635375977,1.275
2022-08-30,Copper View,7.4625,7.966667,14.01449966430664,0.5041669999999998
2022-09-03,Copper View,7.070833,6.9125,13.405912399291992,0.15833300000000072
2022-09-08,Copper View,26.4625,15.2625,10.423169136047363,11.2
2022-09-13,Copper View,5.108333,2.733333,11.632675170898438,2.375
2022-09-18,Copper View,3.275,4.795833,9.21845531463623,1.520833
2022-09-23,Copper View,7.220833,5.958333,6.419236183166504,1.2625000000000002
2022-09-28,Copper View,4.975,5.7875,5.588193416595459,0.8125
2022-10-02,Copper View,5.933333,6.229167,5.859726428985596,0.29583400000000015
2022-10-07,Copper View,7.791667,7.525,6.605145454406738,0.266667
2022-10-12,Copper View,8.704167,10.016667,9.617806434631348,1.3125
2022-10-17,Copper View,7.545833,5.575,9.003150939941406,1.9708329999999998
2022-10-22,Copper View,2.9,5.858333,3.6951000690460205,2.958333
2022-10-27,Copper View,10.433333,5.533333,5.789765357971191,4.8999999999999995
2022-10-31,Copper View,2.8625,7.841667,9.239618301391602,4.979167
2022-11-05,Copper View,2.829167,1.85,3.3962929248809814,0.9791669999999999
2022-11-10,Copper View,8.658333,4.408333,5.08070707321167,4.250000000000001
2022-11-15,Copper View,12.225,7.179167,8.678556442260742,5.045833
2022-11-20,Copper View,28.816667,22.85,16.75811195373535,5.9666669999999975
2022-11-24,Copper View,12.233333,9.408333,12.034440994262695,2.8249999999999993
2022-11-29,Copper View,4.104167,2.1625,7.7040300369262695,1.9416670000000003
2022-12-04,Copper View,4.558333,19.358333,8.321980476379395,14.799999999999997
2022-12-09,Copper View,3.2625,6.054167,6.0556159019470215,2.7916669999999995
2022-12-14,Copper View,8.941667,6.279167,6.32639741897583,2.6625000000000005
2022-12-19,Copper View,27.995833,30.75,23.039018630981445,2.754166999999999
2022-12-23,Copper View,41.725,22.554167,12.185422897338867,19.170833000000002
2022-12-28,Copper View,3.3,2.3375,6.861340522766113,0.9624999999999999
2023-01-02,Copper View,13.479167,4.15,5.381747245788574,9.329167
2023-01-07,Copper View,2.058333,8.6625,5.3830790519714355,6.6041669999999995
2023-01-12,Copper View,5.920833,5.829167,12.34726619720459,0.09166600000000003
2023-01-17,Copper View,3.9125,6.970833,7.333103656768799,3.0583329999999997
2023-01-21,Copper View,9.795833,6.495833,8.944275856018066,3.3
2023-01-26,Copper View,4.8625,17.7125,12.88112735748291,12.849999999999998
2023-01-31,Copper View,29.783333,13.3875,13.874022483825684,16.395833
2023-02-05,Copper View,7.766667,27.666667,10.415791511535645,19.9
2023-02-10,Copper View,29.808333,14.3,12.324088096618652,15.508333
2023-02-15,Copper View,6.9,4.766667,16.15787696838379,2.1333330000000004
2023-02-19,Copper View,6.666667,10.525,10.037174224853516,3.858333
2023-02-24,Copper View,7.375,3.2875,3.29158353805542,4.0875
2023-03-01,Copper View,4.320833,3.770833,3.3318300247192383,0.5500000000000003
2023-03-06,Copper View,9.795833,2.779167,4.245153903961182,7.016666
2023-03-11,Copper View,11.516667,4.029167,4.13881254196167,7.4875
2023-03-15,Copper View,3.7875,2.158333,3.9054982662200928,1.6291670000000003
2023-03-20,Copper View,4.356522,2.333333,3.4298558235168457,2.023189
2023-03-25,Copper View,2.658333,1.441667,4.573858261108398,1.2166659999999998
2023-03-30,Copper View,3.445833,2.85,4.6666669845581055,0.5958329999999998
2023-04-04,Copper View,4.366667,2.179167,3.8961896896362305,2.1874999999999996
2023-04-09,Copper View,9.720833,6.966667,6.799566745758057,2.7541660000000006
2023-04-13,Copper View,6.0,4.320833,5.5000529289245605,1.6791669999999996
2023-04-18,Copper View,2.375,9.368182,6.1163740158081055,6.993181999999999
2023-04-23,Copper View,4.158333,6.008333,6.194881439208984,1.8500000000000005
2023-04-28,Copper View,9.845833,5.25,6.055237770080566,4.595833000000001
2023-05-03,Copper View,7.858333,9.935,7.035062313079834,2.0766670000000005
2023-05-08,Copper View,8.316667,6.7625,4.245977878570557,1.5541670000000005
2023-05-12,Copper View,5.341667,7.8375,7.909572601318359,2.495833
2023-05-17,Copper View,6.520833,9.245833,6.960090160369873,2.7249999999999996
2023-05-22,Copper View,4.866667,9.133333,5.245295524597168,4.266666000000001
2023-05-27,Copper View,7.145833,6.870833,6.788417816162109,0.27499999999999947
2023-06-01,Copper View,6.245833,6.079167,6.548495292663574,0.1666660000000002
2023-06-06,Copper View,5.191667,6.258333,7.253129005432129,1.0666660000000006
2023-06-10,Copper View,4.95,6.45,5.786365509033203,1.5
2023-06-15,Copper View,5.808333,4.9375,4.441232681274414,0.8708330000000002
2023-06-20,Copper View,5.379167,5.616667,5.322796821594238,0.23749999999999982
2023-06-25,Copper View,5.458333,7.183333,10.966798782348633,1.7250000000000005
2023-06-30,Copper View,8.108333,8.545833,8.01715087890625,0.4375
2023-07-04,Copper View,24.995833,20.7375,10.65973949432373,4.258333
2023-07-09,Copper View,6.408333,6.916667,11.406183242797852,0.5083340000000005
2023-07-14,Copper View,7.55,7.675,8.309820175170898,0.125
2023-07-19,Copper View,7.670833,5.6375,8.537277221679688,2.033333
2023-07-24,Copper View,10.25,11.370833,9.58769702911377,1.1208329999999993
2023-07-29,Copper View,10.145833,8.7625,9.288366317749023,1.3833330000000004
2023-08-02,Copper View,6.356522,6.5,6.754210472106934,0.143478
2023-08-07,Copper View,9.9125,7.433333,7.689301013946533,2.4791669999999995
2023-08-12,Copper View,5.6,4.3125,6.743805408477783,1.2874999999999996
2023-08-17,Copper View,4.6,7.270833,9.944437026977539,2.670833
2023-08-22,Copper View,7.041667,4.2375,5.6751556396484375,2.8041670000000005
2023-08-27,Copper View,6.320833,5.766667,7.950195789337158,0.5541660000000004
2023-08-31,Copper View,2.429167,11.116667,19.464170455932617,8.6875
2023-09-05,Copper View,6.495833,7.652174,6.830306053161621,1.1563409999999994
2023-09-10,Copper View,6.345833,6.3875,6.665037631988525,0.04166700000000034
2023-09-15,Copper View,6.770833,6.991667,7.908020496368408,0.22083399999999997
2023-09-20,Copper View,4.895833,4.6375,5.471029758453369,0.2583329999999995
2023-09-24,Copper View,5.783333,8.15,6.891762733459473,2.3666670000000005
2023-09-29,Copper View,4.670833,6.308333,7.096007347106934,1.6375000000000002
2023-10-04,Copper View,6.0,6.620833,5.826962947845459,0.6208330000000002
2023-10-09,Copper View,5.55,5.716667,6.763562202453613,0.16666700000000034
2023-10-14,Copper View,7.0125,6.541667,6.452186584472656,0.47083299999999983
2023-10-19,Copper View,9.316667,7.441667,7.948787212371826,1.8750000000000009
2023-10-23,Copper View,9.975,5.5875,5.303952693939209,4.387499999999999
2023-10-28,Copper View,5.433333,5.7875,7.5560479164123535,0.35416699999999945
2023-11-02,Copper View,12.008333,13.445833,10.637382507324219,1.4375
2023-11-07,Copper View,6.825,3.125,6.654801368713379,3.7
2023-11-12,Copper View,7.113043,8.683333,6.461288928985596,1.570289999999999
2023-11-17,Copper View,9.820833,12.725,9.331775665283203,2.9041669999999993
2023-11-21,Copper View,15.841667,10.5375,9.854012489318848,5.304167
2023-11-26,Copper View,16.120833,7.404167,16.907676696777344,8.716666
2023-12-01,Copper View,0.9,19.5625,5.438999652862549,18.6625
2023-12-06,Copper View,3.1125,4.045833,7.656680107116699,0.9333330000000002
2023-12-11,Copper View,19.95,13.395833,11.944198608398438,6.554167
2023-12-16,Copper View,32.658333,26.633333,26.522470474243164,6.024999999999999
2023-12-20,Copper View,14.1125,16.2625,7.176608085632324,2.1499999999999986
2023-12-25,Copper View,11.533333,8.308333,16.800092697143555,3.2250000000000014
2023-12-30,Copper View,30.270833,29.183333,14.76335334777832,1.0874999999999986
2022-01-07,Hawthorne,2.19375,4.56875,5.281366348266602,2.3749999999999996
2022-01-12,Hawthorne,29.94375,25.558333500000003,25.52544593811035,4.385416499999998
2022-01-17,Hawthorne,40.7854165,30.9354165,13.62478256225586,9.849999999999998
2022-01-22,Hawthorne,12.7229165,7.4,15.874515533447266,5.3229165
2022-01-26,Hawthorne,8.0333335,5.6166665,14.455801010131836,2.4166669999999995
2022-01-31,Hawthorne,1.88125,16.3833335,13.915437698364258,14.5020835
2022-02-05,Hawthorne,10.3833335,10.816667,10.862159729003906,0.4333334999999998
2022-02-10,Hawthorne,7.729167,9.5979165,15.359832763671875,1.8687494999999998
2022-02-15,Hawthorne,4.2875,4.895833,5.677285194396973,0.608333
2022-02-20,Hawthorne,2.0375,3.00625,4.79036808013916,0.96875
2022-02-24,Hawthorne,3.6625,8.697917,6.4116058349609375,5.035417000000001
2022-03-01,Hawthorne,14.025,14.175,8.31340503692627,0.15000000000000036
2022-03-06,Hawthorne,4.704076,4.2354165,4.871037006378174,0.46865949999999934
2022-03-11,Hawthorne,2.45,3.754167,10.839804649353027,1.3041669999999996
2022-03-16,Hawthorne,4.6666665,4.6833335,3.616525173187256,0.016666999999999987
2022-03-21,Hawthorne,4.1333335,4.535417,3.810224771499634,0.4020834999999998
2022-03-26,Hawthorne,4.34375,6.1104165,4.782393932342529,1.7666665000000004
2022-03-30,Hawthorne,4.1729165,3.775,5.48223352432251,0.39791650000000045
2022-04-04,Hawthorne,3.685417,5.5645835,4.637870788574219,1.8791665000000002
2022-04-09,Hawthorne,2.708333,5.60625,3.694243907928467,2.897917
2022-04-14,Hawthorne,4.5333335,5.2333335000000005,3.746811628341675,0.7000000000000002
2022-04-19,Hawthorne,4.5104165,12.93125,8.379514694213867,8.4208335
2022-04-24,Hawthorne,4.5375,3.5229165,5.148338794708252,1.0145834999999996
2022-04-28,Hawthorne,4.3583335,10.04375,5.395586013793945,5.6854165
2022-05-03,Hawthorne,4.48125,2.0855075,3.8055155277252197,2.3957425000000003
2022-05-08,Hawthorne,4.2333335000000005,5.3166665,9.985479354858398,1.0833329999999997
2022-05-13,Hawthorne,4.020833,4.1166665,5.30061149597168,0.09583350000000035
2022-05-18,Hawthorne,8.0375,4.9,6.26736307144165,3.1374999999999993
2022-05-23,Hawthorne,3.7020835,2.15,4.642569065093994,1.5520835000000002
2022-05-28,Hawthorne,1.852083,5.3833335,5.555222034454346,3.5312505
2022-06-01,Hawthorne,4.3104165000000005,1.958333,3.6476616859436035,2.3520835000000004
2022-06-06,Hawthorne,4.508333,4.9304345000000005,5.322514057159424,0.42210150000000013
2022-06-11,Hawthorne,13.583333499999998,7.5291665,9.155879020690918,6.054166999999999
2022-06-16,Hawthorne,16.9645835,4.74375,6.534617900848389,12.2208335
2022-06-21,Hawthorne,5.68125,3.4083335000000003,7.8461079597473145,2.2729165
2022-06-26,Hawthorne,7.01875,4.285417,6.8246378898620605,2.733333
2022-06-30,Hawthorne,4.65625,7.8458335,7.710069179534912,3.1895835000000003
2022-07-05,Hawthorne,4.43125,5.05625,6.970409870147705,0.625
2022-07-10,Hawthorne,10.066667,9.716667,10.270611763000488,0.3500000000000014
2022-07-15,Hawthorne,5.1125,7.020833,7.034408092498779,1.9083329999999998
2022-07-20,Hawthorne,6.166667,7.154167,10.226998329162598,0.9874999999999998
2022-07-25,Hawthorne,7.016667,7.1875,6.8316192626953125,0.170833
2022-07-30,Hawthorne,7.1354165,5.345833000000001,7.117652893066406,1.789583499999999
2022-08-03,Hawthorne,9.05625,10.779167,11.56477165222168,1.722916999999999
2022-08-08,Hawthorne,6.7708335,6.516667,7.63951301574707,0.2541665000000002
2022-08-13,Hawthorne,4.1166665,5.1875,7.436194896697998,1.0708335
2022-08-18,Hawthorne,5.2333335000000005,6.9458335,7.704226493835449,1.7124999999999995
2022-08-23,Hawthorne,5.585417,5.96875,6.447742938995361,0.38333300000000037
2022-08-28,Hawthorne,7.895833,5.88125,5.970288276672363,2.014583
2022-09-01,Hawthorne,7.883333499999999,5.95,8.699689865112305,1.933333499999999
2022-09-06,Hawthorne,8.12029,7.0729165,8.419516563415527,1.0473735000000008
2022-09-11,Hawthorne,20.25625,24.525,16.963953018188477,4.268749999999997
2022-09-16,Hawthorne,10.695833,4.4354165,6.21046781539917,6.260416500000001
2022-09-21,Hawthorne,4.6645835,4.8395835,6.185809135437012,0.17499999999999982
2022-09-26,Hawthorne,5.389583,5.3666665,7.308029651641846,0.022916500000000006
2022-10-01,Hawthorne,6.1020835,4.21875,4.213566303253174,1.8833335
2022-10-05,Hawthorne,5.3333335,5.029167,5.468555450439453,0.3041665
2022-10-10,Hawthorne,8.28125,8.3875,6.5713324546813965,0.10624999999999929
2022-10-15,Hawthorne,3.76875,6.0916665000000005,7.101696014404297,2.3229165000000007
2022-10-20,Hawthorne,7.6041665,7.65,9.887306213378906,0.04583350000000053
2022-10-25,Hawthorne,5.5979165,3.86875,4.696438789367676,1.7291665000000003
2022-10-30,Hawthorne,6.425,9.7104165,8.471999168395996,3.2854164999999993
2022-11-03,Hawthorne,4.5333335,4.845833,5.601777076721191,0.3124994999999995
2022-11-08,Hawthorne,1.1958335,5.8916665,4.36535120010376,4.695833
2022-11-13,Hawthorne,7.7125,10.1854165,11.683223724365234,2.4729165
2022-11-18,Hawthorne,8.7625,9.0395835,7.211387634277344,0.2770835000000016
2022-11-23,Hawthorne,9.53125,18.825000000000003,13.914413452148438,9.293750000000003
2022-11-28,Hawthorne,3.0166665000000004,4.3604165,3.6616604328155518,1.34375
2022-12-03,Hawthorne,18.164583,11.264583,15.576508522033691,6.9
2022-12-07,Hawthorne,15.19375,19.9,24.53671646118164,4.706249999999999
2022-12-12,Hawthorne,4.539583,2.6413045,5.106045722961426,1.8982785000000004
2022-12-17,Hawthorne,17.766666999999998,12.325,18.999984741210938,5.441666999999999
2022-12-22,Hawthorne,16.704166999999998,4.345833,6.9942498207092285,12.358334
2022-12-27,Hawthorne,2.566667,2.1083335,2.1454737186431885,0.4583334999999997
2023-01-01,Hawthorne,3.14375,5.554167,8.02927303314209,2.410417
2023-01-05,Hawthorne,6.3791665,3.695652,3.6781468391418457,2.6835145000000002
2023-01-10,Hawthorne,3.9479165,2.0208335,3.1931753158569336,1.9270829999999997
2023-01-15,Hawthorne,5.041667,3.708333,4.751133918762207,1.3333340000000002
2023-01-20,Hawthorne,5.4291665,5.4541665,8.112323760986328,0.025000000000000355
2023-01-25,Hawthorne,18.15,14.8395835,6.562490940093994,3.3104164999999988
2023-01-30,Hawthorne,9.58125,5.5729165,6.603244304656982,4.008333500000001
2023-02-03,Hawthorne,48.8333335,46.6708335,22.413043975830078,2.1625000000000014
2023-02-08,Hawthorne,4.575,12.04375,7.922738075256348,7.468749999999999
2023-02-13,Hawthorne,2.0604165,26.9395835,18.78601837158203,24.879167000000002
2023-02-18,Hawthorne,10.910417,19.0875,13.47441577911377,8.177082999999998
2023-02-23,Hawthorne,2.2,2.391667,3.2520015239715576,0.1916669999999998
2023-02-28,Hawthorne,2.7895835,1.020833,3.0517327785491943,1.7687505
2023-03-05,Hawthorne,2.68125,3.9916665,3.694201707839966,1.3104165
2023-03-09,Hawthorne,2.3104165,4.2152175,4.456099987030029,1.9048009999999995
2023-03-14,Hawthorne,3.402083,2.102083,4.214493274688721,1.3000000000000003
2023-03-19,Hawthorne,2.25,2.625,4.676514148712158,0.375
2023-03-24,Hawthorne,0.7791665,2.1916665,3.6599295139312744,1.4125
2023-03-29,Hawthorne,1.7312500000000002,2.027083,3.7281248569488525,0.295833
2023-04-03,Hawthorne,1.3624999999999998,2.325,2.6036810874938965,0.9625000000000004
2023-04-07,Hawthorne,7.439583499999999,4.5807065,4.174355506896973,2.858876999999999
2023-04-12,Hawthorne,4.970833000000001,8.6895835,4.544449806213379,3.7187504999999987
2023-04-17,Hawthorne,9.7854165,7.0145835,3.3884999752044678,2.7708330000000005
2023-04-22,Hawthorne,3.629167,3.929167,3.772378444671631,0.30000000000000027
2023-04-27,Hawthorne,3.075,4.110417,4.801436424255371,1.0354169999999998
2023-05-02,Hawthorne,7.6125,7.395833,4.909417629241943,0.21666700000000017
2023-05-07,Hawthorne,5.1453805,3.2041665000000004,3.7901556491851807,1.9412139999999996
2023-05-11,Hawthorne,5.730263,7.0375,5.615525722503662,1.3072369999999998
2023-05-16,Hawthorne,6.788315000000001,6.1854165,4.910806179046631,0.6028985000000011
2023-05-21,Hawthorne,9.9589285,16.4916665,16.238065719604492,6.532738
2023-05-26,Hawthorne,4.807639,5.0895835,6.708771228790283,0.2819444999999998
2023-05-31,Hawthorne,5.995832999999999,8.96,7.203314304351807,2.9641670000000016
2023-06-05,Hawthorne,4.39375,4.695833,6.3315887451171875,0.30208300000000055
2023-06-09,Hawthorne,5.768750000000001,7.128442,6.193820953369141,1.359691999999999
2023-06-14,Hawthorne,2.5041665,3.7791665,5.015770435333252,1.275
2023-06-19,Hawthorne,7.0416665,13.375,6.640820026397705,6.3333335
2023-06-24,Hawthorne,8.160416999999999,8.039583,7.702518939971924,0.12083399999999855
2023-06-29,Hawthorne,4.8122025,5.391667,7.144360065460205,0.5794645000000003
2023-07-04,Hawthorne,10.0136365,7.54375,7.288570404052734,2.4698865000000003
2023-07-09,Hawthorne,4.824999999999999,4.891667,7.135524749755859,0.0666670000000007
2023-07-13,Hawthorne,6.5041665,6.6538045,8.105344772338867,0.1496379999999995
2023-07-18,Hawthorne,6.4416665,9.039583,7.350325584411621,2.5979165
2023-07-23,Hawthorne,10.7125,6.660417,7.609370708465576,4.0520830000000005
2023-07-28,Hawthorne,8.1979165,5.092916499999999,6.90083646774292,3.1050000000000004
2023-08-02,Hawthorne,5.392063666666666,6.9958335,6.215356826782227,1.6037698333333337
2023-08-07,Hawthorne,8.335416500000001,6.0854165,7.358165264129639,2.250000000000001
2023-08-11,Hawthorne,3.744036,5.61875,6.094705104827881,1.8747140000000004
2023-08-16,Hawthorne,6.8791665,5.3452245000000005,8.459047317504883,1.5339419999999997
2023-08-21,Hawthorne,5.067460333333334,5.4652780000000005,5.420322418212891,0.3978176666666666
2023-08-26,Hawthorne,5.0416665,5.447917,6.225907802581787,0.4062505000000005
2023-08-31,Hawthorne,3.0729165,12.6229165,17.189693450927734,9.55
2023-09-05,Hawthorne,6.120833,5.204167,6.464511871337891,0.9166660000000002
2023-09-10,Hawthorne,4.9020835,6.3166665,6.234713554382324,1.4145830000000004
2023-09-14,Hawthorne,4.8604165,5.6875,6.632166862487793,0.8270834999999996
2023-09-19,Hawthorne,4.339582999999999,5.84375,6.263175010681152,1.5041670000000007
2023-09-24,Hawthorne,6.08125,7.38125,6.28525972366333,1.2999999999999998
2023-09-29,Hawthorne,4.6770835,7.7291665,6.464437961578369,3.0520829999999997
2023-10-04,Hawthorne,5.65,4.1458335,5.558861255645752,1.5041665000000002
2023-10-09,Hawthorne,5.179167,5.8375,7.021523952484131,0.6583330000000007
2023-10-13,Hawthorne,7.0875,4.3520835,5.7395782470703125,2.7354165000000004
2023-10-18,Hawthorne,6.88125,6.824999999999999,7.703446865081787,0.056250000000000355
2023-10-23,Hawthorne,8.8875,6.6583335,4.958374977111816,2.229166499999999
2023-10-28,Hawthorne,6.670833,6.3125,6.20505952835083,0.358333
2023-11-02,Hawthorne,8.8434785,10.9958335,9.688539505004883,2.152355
2023-11-07,Hawthorne,5.085417,4.1208335,6.132613658905029,0.9645834999999998
2023-11-12,Hawthorne,5.4729165,8.2895835,6.828643798828125,2.8166670000000007
2023-11-16,Hawthorne,10.9520835,4.5145835000000005,6.884387493133545,6.4375
2023-11-21,Hawthorne,14.3125,9.4145835,10.720918655395508,4.897916499999999
2023-11-26,Hawthorne,14.6145835,6.804166500000001,14.202902793884277,7.810416999999999
2023-12-01,Hawthorne,1.8,18.26875,5.920605182647705,16.46875
2023-12-06,Hawthorne,3.05625,7.606521499999999,10.31015396118164,4.550271499999999
2023-12-11,Hawthorne,14.8854165,13.475,11.152899742126465,1.4104165000000002
2023-12-15,Hawthorne,20.9145835,20.1979165,22.168169021606445,0.7166669999999975
2023-12-20,Hawthorne,14.6770835,20.585417,7.441764831542969,5.9083334999999995
2023-12-25,Hawthorne,8.9645835,5.6354165,22.995258331298828,3.329167
2023-12-30,Hawthorne,30.00625,26.61875,12.520777702331543,3.387500000000003
2022-01-08,Herriman #3,3.945833,1.5604165,2.9641263484954834,2.3854165
2022-01-13,Herriman #3,18.1520835,10.6125,9.699944496154785,7.539583499999999
2022-01-18,Herriman #3,25.6791665,28.63125,18.506807327270508,2.9520835000000005
2022-01-23,Herriman #3,10.458333499999998,11.085417,6.537492752075195,0.6270835000000012
2022-01-27,Herriman #3,11.885417,9.802083,7.725121974945068,2.0833340000000007
2022-02-01,Herriman #3,1.258333,0.6395835000000001,6.255852699279785,0.6187494999999998
2022-02-06,Herriman #3,7.168749999999999,6.0229165,7.069157123565674,1.1458334999999993
2022-02-11,Herriman #3,5.7229165,4.1958335,8.768538475036621,1.5270830000000002
2022-02-16,Herriman #3,5.283333000000001,3.0270835,3.9687697887420654,2.256249500000001
2022-02-21,Herriman #3,3.16875,1.4895835,3.2326481342315674,1.6791665000000002
2022-02-25,Herriman #3,6.1604165,4.0208335,7.266242504119873,2.139583
2022-03-02,Herriman #3,1.873188,6.697917,4.990604400634766,4.8247290000000005
2022-03-07,Herriman #3,6.4125,4.8083335,7.941263675689697,1.6041664999999998
2022-03-12,Herriman #3,1.133333,1.210417,3.2820053100585938,0.07708400000000015
2022-03-17,Herriman #3,4.56875,2.10625,4.600693702697754,2.4624999999999995
2022-03-22,Herriman #3,6.1,2.9395835,4.622078895568848,3.1604164999999997
2022-03-26,Herriman #3,3.635417,4.2479165000000005,3.9620251655578613,0.6124995000000006
2022-03-31,Herriman #3,4.35625,4.6083335,3.657130002975464,0.25208349999999946
2022-04-05,Herriman #3,2.6291665,3.7458335,3.6113831996917725,1.1166669999999996
2022-04-10,Herriman #3,7.2541665,2.7895835,5.297493934631348,4.464583
2022-04-15,Herriman #3,3.71875,3.2043475,3.7607274055480957,0.5144025000000001
2022-04-20,Herriman #3,27.460417,4.4520835,9.54419231414795,23.0083335
2022-04-24,Herriman #3,3.5541665,2.8583335,4.321608543395996,0.6958329999999999
2022-04-29,Herriman #3,4.8604165,4.877083000000001,3.5981218814849854,0.01666650000000036
2022-05-04,Herriman #3,5.1104165,6.4958335,3.6095428466796875,1.3854169999999995
2022-05-09,Herriman #3,4.577083,4.2291665,4.765203475952148,0.3479165000000002
2022-05-14,Herriman #3,3.8833335,3.5187500000000003,6.9928107261657715,0.3645834999999997
2022-05-19,Herriman #3,1.914583,7.2854165,7.137613296508789,5.3708335
2022-05-23,Herriman #3,5.016667,3.16875,4.5554986000061035,1.8479169999999998
2022-05-28,Herriman #3,1.702083,6.30625,6.661865711212158,4.604167
2022-06-02,Herriman #3,4.8729165,4.7125,4.920765399932861,0.1604164999999993
2022-06-07,Herriman #3,6.4104165,7.7585145,5.21622371673584,1.3480980000000002
2022-06-12,Herriman #3,6.3895835000000005,20.0645835,6.964354038238525,13.675
2022-06-17,Herriman #3,25.99375,19.481250000000003,8.87227725982666,6.512499999999996
2022-06-22,Herriman #3,8.966666499999999,7.01875,6.876640796661377,1.947916499999999
2022-06-26,Herriman #3,6.3833335,3.9083335,8.254993438720703,2.475
2022-07-01,Herriman #3,4.8270835000000005,6.475,8.470172882080078,1.6479164999999991
2022-07-06,Herriman #3,4.31875,5.81875,6.071517467498779,1.5
2022-07-11,Herriman #3,9.889583,10.075,7.85011100769043,0.18541699999999928
2022-07-16,Herriman #3,7.5979165,5.233333,6.490642547607422,2.3645835
2022-07-21,Herriman #3,6.31875,7.13125,7.991513252258301,0.8125
2022-07-25,Herriman #3,9.58375,8.314582999999999,7.471078872680664,1.2691670000000013
2022-07-30,Herriman #3,8.045833,8.2375,9.132524490356445,0.1916670000000007
2022-08-04,Herriman #3,7.0729165,9.8833335,13.304703712463379,2.810417000000001
2022-08-09,Herriman #3,6.13125,8.5458335,7.961647033691406,2.414583500000001
2022-08-14,Herriman #3,6.102083,3.616667,6.238249778747559,2.4854160000000003
2022-08-19,Herriman #3,4.085417,5.0666665,6.0949387550354,0.9812495000000006
2022-08-23,Herriman #3,6.393750000000001,7.1916665,7.541563034057617,0.7979164999999995
2022-08-28,Herriman #3,10.0333335,6.5375,5.887901306152344,3.4958335
2022-09-02,Herriman #3,6.760417,8.6708335,9.07327651977539,1.9104165000000002
2022-09-07,Herriman #3,15.8458335,8.083333499999998,12.278471946716309,7.762500000000001
2022-09-12,Herriman #3,2.175,23.4083335,9.956594467163086,21.2333335
2022-09-17,Herriman #3,2.9208335,9.9625,7.047692775726318,7.0416665
2022-09-21,Herriman #3,4.53125,2.0916665,4.6598052978515625,2.4395835
2022-09-26,Herriman #3,4.5291665000000005,7.441667,7.573131561279297,2.9125004999999993
2022-10-01,Herriman #3,3.5625,3.3916665000000004,3.743408203125,0.17083349999999964
2022-10-06,Herriman #3,5.625,5.7458335,6.657670497894287,0.12083349999999982
2022-10-11,Herriman #3,8.7854165,9.0958335,6.787868976593018,0.3104169999999993
2022-10-16,Herriman #3,5.6291665,4.2541665,5.840062618255615,1.375
2022-10-20,Herriman #3,5.5,6.680163,7.071756362915039,1.1801630000000003
2022-10-25,Herriman #3,2.254167,4.783333000000001,2.539179563522339,2.529166000000001
2022-10-30,Herriman #3,4.791667,6.4229165,7.595060348510742,1.6312495
2022-11-04,Herriman #3,1.191667,2.091667,3.939011573791504,0.9000000000000001
2022-11-09,Herriman #3,2.2708335,0.3958335,2.0028789043426514,1.8750000000000002
2022-11-14,Herriman #3,6.4931815,5.058332999999999,4.234808921813965,1.434848500000001
2022-11-19,Herriman #3,15.291667,8.9479165,6.358498573303223,6.3437505000000005
2022-11-23,Herriman #3,5.7,12.1875,14.769142150878906,6.4875
2022-11-28,Herriman #3,0.65,0.779167,2.443904161453247,0.12916700000000003
2022-12-03,Herriman #3,5.88125,10.9291665,5.61370849609375,5.0479164999999995
2022-12-08,Herriman #3,3.5395835,7.391666499999999,9.140769958496094,3.8520829999999986
2022-12-13,Herriman #3,2.827083,5.679167,4.359938144683838,2.8520839999999996
2022-12-18,Herriman #3,7.0520835,8.214583000000001,12.346503257751465,1.162499500000001
2022-12-22,Herriman #3,16.479166499999998,4.104167,2.95047664642334,12.374999499999998
2022-12-27,Herriman #3,0.6854169999999999,0.3104165,1.8383721113204956,0.37500049999999996
2023-01-01,Herriman #3,3.9541665,2.877083,3.492549419403076,1.0770835
2023-01-06,Herriman #3,2.4291665,3.425,2.5591447353363037,0.9958334999999998
2023-01-11,Herriman #3,2.3416665,2.672917,1.4879683256149292,0.3312504999999999
2023-01-16,Herriman #3,3.6520835,1.5333329999999998,2.8024401664733887,2.1187505
2023-01-20,Herriman #3,6.0458335000000005,5.3479165,3.6494765281677246,0.6979170000000003
2023-01-25,Herriman #3,14.671739,13.5833335,5.021675109863281,1.0884055000000004
2023-01-30,Herriman #3,9.9625,4.581250000000001,4.1031389236450195,5.38125
2023-02-04,Herriman #3,5.914583,27.904167,17.438735961914062,21.989584
2023-02-09,Herriman #3,7.804167,3.870833,7.223234176635742,3.9333339999999994
2023-02-14,Herriman #3,2.6270835,0.9041665,5.909313201904297,1.7229169999999998
2023-02-18,Herriman #3,6.220833000000001,15.3395835,11.040037155151367,9.118750499999999
2023-02-23,Herriman #3,2.0354165,1.3624999999999998,2.400928258895874,0.6729165000000004
2023-02-28,Herriman #3,1.6125,0.6333335,1.7185113430023193,0.9791665
2023-03-05,Herriman #3,1.25625,2.6625,2.730475664138794,1.40625
2023-03-10,Herriman #3,0.90625,2.1,1.8214324712753296,1.19375
2023-03-15,Herriman #3,3.4916665,0.95625,1.8730958700180054,2.5354165
2023-03-20,Herriman #3,2.402174,1.61875,2.609060525894165,0.7834240000000001
2023-03-24,Herriman #3,0.6354165,1.114583,3.1064484119415283,0.47916650000000005
2023-03-29,Herriman #3,3.1041665,4.40625,3.0396883487701416,1.3020835000000002
2023-04-03,Herriman #3,1.31875,1.56875,3.331566572189331,0.25
2023-04-08,Herriman #3,6.2916665,5.34375,3.1397550106048584,0.9479164999999998
2023-04-13,Herriman #3,3.2208335000000003,3.059524,4.984122276306152,0.16130950000000022
2023-04-18,Herriman #3,2.133333,14.075,4.810832977294922,11.941666999999999
2023-04-22,Herriman #3,4.6458335,5.4791665,3.6361162662506104,0.8333329999999997
2023-04-27,Herriman #3,4.7625,4.5979165,5.60258674621582,0.1645835
2023-05-02,Herriman #3,6.5625,7.3395835,4.845081806182861,0.7770834999999998
2023-05-07,Herriman #3,4.13125,2.5,2.3816187381744385,1.6312499999999996
2023-05-12,Herriman #3,3.7895835,6.08125,6.315408229827881,2.2916665
2023-05-17,Herriman #3,5.027083,6.325,7.369140625,1.297917
2023-05-21,Herriman #3,8.208333,16.9416665,9.427474021911621,8.7333335
2023-05-26,Herriman #3,5.8020835,4.7083335,5.2169294357299805,1.09375
2023-05-31,Herriman #3,5.3729165000000005,6.1729165,6.9750871658325195,0.7999999999999998
2023-06-05,Herriman #3,5.2125,6.1833335,6.892978668212891,0.9708334999999995
2023-06-10,Herriman #3,4.606249999999999,4.952083,5.680078029632568,0.3458330000000007
2023-06-15,Herriman #3,5.560417,3.8625,4.300834655761719,1.6979170000000003
2023-06-19,Herriman #3,5.1895835,10.6,7.3329315185546875,5.410416499999999
2023-06-24,Herriman #3,3.3125,6.50625,8.211831092834473,3.1937499999999996
2023-06-29,Herriman #3,5.5,6.1625,6.87297248840332,0.6624999999999996
2023-07-04,Herriman #3,12.5184215,8.83125,7.446218490600586,3.6871715
2023-07-09,Herriman #3,5.8791665,8.1395835,7.820594787597656,2.2604170000000003
2023-07-14,Herriman #3,6.7041665,7.9604165,8.389373779296875,1.2562499999999996
2023-07-18,Herriman #3,5.6020835,11.4604165,9.770524024963379,5.858332999999999
2023-07-23,Herriman #3,10.59375,7.4729165,10.068477630615234,3.1208335
2023-07-28,Herriman #3,8.2583335,6.050000000000001,7.624125003814697,2.2083335
2023-08-02,Herriman #3,5.95,7.949999999999999,5.8885273933410645,1.9999999999999991
2023-08-07,Herriman #3,10.3,7.6607145,6.893951892852783,2.6392855000000006
2023-08-12,Herriman #3,4.7520835,3.96875,7.2684006690979,0.7833335000000003
2023-08-17,Herriman #3,3.5708335,5.8208335,8.575433731079102,2.25
2023-08-21,Herriman #3,4.5833335,4.4875,5.480741500854492,0.09583350000000035
2023-08-26,Herriman #3,4.5541665,5.7895835,7.249602794647217,1.235417
2023-08-31,Herriman #3,2.266667,12.185417,12.481085777282715,9.91875
2023-09-05,Herriman #3,5.3375,4.11875,5.483290672302246,1.21875
2023-09-10,Herriman #3,6.393478,7.1958335,6.98331880569458,0.8023555
2023-09-15,Herriman #3,6.1729165,7.783333499999999,7.266252040863037,1.6104169999999982
2023-09-19,Herriman #3,4.439583,4.9583335,5.651592254638672,0.5187505000000003
2023-09-24,Herriman #3,4.5479165,6.5083335,5.516385078430176,1.9604169999999996
2023-09-29,Herriman #3,4.0416665,4.300000000000001,5.590120315551758,0.2583335000000009
2023-10-04,Herriman #3,4.0958335,4.2229165,4.252026557922363,0.12708299999999983
2023-10-09,Herriman #3,4.530435000000001,4.2791665000000005,5.154445171356201,0.2512685000000001
2023-10-14,Herriman #3,4.8916665,1.7687499999999998,3.6144886016845703,3.1229165000000005
2023-10-18,Herriman #3,4.9625,4.7,5.52374267578125,0.2625000000000002
2023-10-23,Herriman #3,9.58125,5.09375,4.821039199829102,4.487500000000001
2023-10-28,Herriman #3,5.8395835,4.112500000000001,3.7185609340667725,1.727083499999999
2023-11-02,Herriman #3,7.4125,6.3604165,5.892714977264404,1.0520834999999993
2023-11-07,Herriman #3,2.80625,2.3708335,5.085017681121826,0.4354165000000001
2023-11-12,Herriman #3,2.427083,2.9791665,4.153365612030029,0.5520834999999997
2023-11-16,Herriman #3,7.56875,3.41875,4.209849834442139,4.1499999999999995
2023-11-21,Herriman #3,13.9125,7.1583335,5.463170051574707,6.754166499999999
2023-11-26,Herriman #3,15.2833335,7.0583335,8.498153686523438,8.225
2023-12-01,Herriman #3,0.4541665,11.716667,5.247800350189209,11.2625005
2023-12-06,Herriman #3,1.2875,0.964583,4.84534215927124,0.3229170000000001
2023-12-11,Herriman #3,12.38125,8.9708335,5.479189395904541,3.4104165
2023-12-15,Herriman #3,14.835417,14.8395835,16.811702728271484,0.004166500000000184
2023-12-20,Herriman #3,3.2375,1.6895835,2.3216800689697266,1.5479165
2023-12-25,Herriman #3,9.05,5.7583335,9.311765670776367,3.2916665000000007
2023-12-30,Herriman #3,15.195833,7.1145835,7.619029998779297,8.0812495
2022-01-09,Near Road,18.552174,7.129167,13.09751033782959,11.423007000000002
2022-01-14,Near Road,25.008333,26.054167,12.785285949707031,1.0458339999999993
2022-01-19,Near Road,20.9625,38.1875,21.456132888793945,17.225
2022-01-23,Near Road,20.116667,13.9625,19.26152992248535,6.154166999999999
2022-01-28,Near Road,25.175,19.0,19.511449813842773,6.175000000000001
2022-02-02,Near Road,9.529167,3.325,8.467657089233398,6.204166999999999
2022-02-07,Near Road,19.241667,11.933333,18.252979278564453,7.308334
2022-02-12,Near Road,12.425,11.375,16.742843627929688,1.0500000000000007
2022-02-17,Near Road,8.35,8.804167,8.166329383850098,0.454167
2022-02-21,Near Road,6.220833,1.6375,6.170829772949219,4.583333
2022-02-26,Near Road,12.145833,9.029167,16.95945930480957,3.1166660000000004
2022-03-03,Near Road,3.645833,3.3375,9.231013298034668,0.3083330000000002
2022-03-08,Near Road,3.775,7.925,6.000217914581299,4.15
2022-03-13,Near Road,4.266667,2.8875,4.740664005279541,1.3791669999999998
2022-03-18,Near Road,5.354167,7.6125,6.562859058380127,2.2583329999999995
2022-03-22,Near Road,7.120833,6.195833,6.653491973876953,0.9249999999999998
2022-03-27,Near Road,3.191667,4.141667,4.658629894256592,0.9500000000000002
2022-04-01,Near Road,6.15,7.804167,6.527647972106934,1.6541669999999993
2022-04-06,Near Road,8.791667,5.008333,6.982157230377197,3.783334
2022-04-11,Near Road,3.541667,5.820833,4.68818473815918,2.2791660000000005
2022-04-16,Near Road,4.804167,7.3375,5.115472793579102,2.5333330000000007
2022-04-20,Near Road,20.3,6.3875,7.98760986328125,13.912500000000001
2022-04-25,Near Road,9.808333,6.270833,7.286045074462891,3.5374999999999996
2022-04-30,Near Road,4.508333,7.316667,7.1437859535217285,2.8083339999999994
2022-05-05,Near Road,10.15,5.579167,6.3154168128967285,4.570833
2022-05-10,Near Road,7.025,4.920833,8.539779663085938,2.1041670000000003
2022-05-15,Near Road,6.983333,5.7,8.251750946044922,1.2833329999999998
2022-05-19,Near Road,3.166667,8.1,8.073102951049805,4.933332999999999
2022-05-24,Near Road,7.604167,7.170833,6.875601291656494,0.43333400000000033
2022-05-29,Near Road,1.9875,2.370833,5.18407678604126,0.38333300000000015
2022-06-03,Near Road,7.295833,7.066667,9.0401029586792,0.2291660000000002
2022-06-08,Near Road,9.879167,7.354167,11.378963470458984,2.5250000000000004
2022-06-13,Near Road,6.620833,6.2625,9.877123832702637,0.358333
2022-06-17,Near Road,22.983333,22.291667,12.942765235900879,0.6916659999999979
2022-06-22,Near Road,11.208333,8.604167,10.527023315429688,2.6041659999999993
2022-06-27,Near Road,10.154167,10.8625,9.986855506896973,0.7083330000000014
2022-07-02,Near Road,7.220833,5.333333,8.102510452270508,1.8875000000000002
2022-07-07,Near Road,7.925,5.408333,7.8403706550598145,2.516667
2022-07-12,Near Road,9.05,11.775,11.835450172424316,2.7249999999999996
2022-07-16,Near Road,10.9625,7.229167,9.483616828918457,3.733333
2022-07-21,Near Road,8.291667,9.166667,11.303421020507812,0.875
2022-07-26,Near Road,8.566667,10.720833,12.01694107055664,2.154166
2022-07-31,Near Road,6.095652,7.604167,8.72394847869873,1.508515
2022-08-05,Near Road,7.016667,10.725,20.39060401916504,3.7083329999999997
2022-08-10,Near Road,7.233333,7.6125,10.959564208984375,0.3791669999999998
2022-08-14,Near Road,7.1625,4.691667,9.845999717712402,2.470833
2022-08-19,Near Road,6.920833,7.608333,9.591628074645996,0.6875
2022-08-24,Near Road,7.245833,8.745833,9.095442771911621,1.4999999999999991
2022-08-29,Near Road,9.4125,11.741667,11.082620620727539,2.329167
2022-09-03,Near Road,8.933333,9.995833,15.564738273620605,1.0625
2022-09-08,Near Road,30.375,18.025,13.911118507385254,12.350000000000001
2022-09-12,Near Road,5.4,23.295833,20.870384216308594,17.895832999999996
2022-09-17,Near Road,5.466667,12.1,8.75483512878418,6.6333329999999995
2022-09-22,Near Road,7.795833,5.708333,7.74348783493042,2.0875000000000004
2022-09-27,Near Road,8.033333,9.508333,10.68665885925293,1.4749999999999996
2022-10-02,Near Road,8.4375,7.783333,7.121188640594482,0.6541670000000002
2022-10-07,Near Road,10.041667,9.475,8.442266464233398,0.5666670000000007
2022-10-11,Near Road,12.9,12.6875,11.93052864074707,0.21250000000000036
2022-10-16,Near Road,7.783333,6.8,14.717626571655273,0.983333
2022-10-21,Near Road,8.908333,6.708696,11.700337409973145,2.199637000000001
2022-10-26,Near Road,6.379167,4.045833,6.931319236755371,2.333334
2022-10-31,Near Road,3.8625,10.1,13.560093879699707,6.2375
2022-11-05,Near Road,3.166667,2.454167,5.004228591918945,0.7124999999999999
2022-11-09,Near Road,5.575,0.85,4.618968486785889,4.7250000000000005
2022-11-14,Near Road,9.916667,7.3,8.703574180603027,2.6166670000000005
2022-11-19,Near Road,23.7875,11.983333,14.292264938354492,11.804167000000001
2022-11-24,Near Road,13.404167,9.7375,16.73464012145996,3.6666669999999986
2022-11-29,Near Road,6.375,5.579167,8.946714401245117,0.795833
2022-12-04,Near Road,7.586957,19.645833,9.188413619995117,12.058876
2022-12-08,Near Road,7.220833,15.508333,14.491897583007812,8.287500000000001
2022-12-13,Near Road,6.316667,4.395833,7.927316188812256,1.9208340000000002
2022-12-18,Near Road,35.225,25.883333,23.849166870117188,9.341667000000001
2022-12-23,Near Road,41.604167,22.083333,15.928807258605957,19.520833999999997
2022-12-28,Near Road,4.695833,3.075,8.087799072265625,1.6208330000000002
2023-01-02,Near Road,13.9375,4.425,6.867576599121094,9.5125
2023-01-06,Near Road,10.6875,7.075,6.221297264099121,3.6125
2023-01-11,Near Road,6.795833,7.229167,6.677207946777344,0.43333400000000033
2023-01-16,Near Road,7.395833,5.4375,6.543948650360107,1.9583329999999997
2023-01-21,Near Road,8.6125,8.316667,10.983715057373047,0.295833
2023-01-26,Near Road,7.254167,18.220833,11.013707160949707,10.966666
2023-01-31,Near Road,31.508333,14.95,14.63209342956543,16.558333
2023-02-04,Near Road,30.020833,51.083333,30.449264526367188,21.062500000000004
2023-02-09,Near Road,16.795833,6.704348,10.672028541564941,10.091484999999999
2023-02-14,Near Road,4.8,2.679167,10.026134490966797,2.1208329999999997
2023-02-19,Near Road,7.825,9.579167,7.67053747177124,1.7541669999999998
2023-02-24,Near Road,8.483333,5.683333,5.315403461456299,2.8
2023-03-01,Near Road,4.658333,3.454167,4.525024890899658,1.2041659999999998
2023-03-05,Near Road,4.066667,4.3875,4.617757320404053,0.32083300000000037
2023-03-10,Near Road,4.720833,3.325,4.5447845458984375,1.3958329999999997
2023-03-15,Near Road,5.9375,3.6125,4.324121952056885,2.325
2023-03-20,Near Road,6.504167,2.379167,4.920075416564941,4.125
2023-03-25,Near Road,1.525,0.758333,6.330635070800781,0.7666669999999999
2023-03-30,Near Road,4.866667,3.683333,5.655535697937012,1.1833339999999994
2023-04-03,Near Road,2.158333,3.429167,6.647506237030029,1.2708340000000002
2023-04-08,Near Road,8.233333,6.470833,4.6832756996154785,1.7625000000000002
2023-04-13,Near Road,4.529167,3.5625,5.884260177612305,0.9666670000000002
2023-04-18,Near Road,3.033333,12.195833,6.120938301086426,9.162500000000001
2023-04-23,Near Road,5.7625,6.7375,7.005643844604492,0.9749999999999996
2023-04-28,Near Road,7.9125,5.345833,6.678140163421631,2.566667
2023-05-02,Near Road,9.608333,9.5125,6.622291088104248,0.09583300000000072
2023-05-07,Near Road,6.725,3.683333,4.631408214569092,3.0416669999999995
2023-05-12,Near Road,6.2875,8.120833,7.944772720336914,1.8333329999999997
2023-05-17,Near Road,5.9875,11.466667,7.0536956787109375,5.4791669999999995
2023-05-22,Near Road,6.120833,10.783333,8.347002029418945,4.6625000000000005
2023-05-27,Near Road,7.858333,6.379167,6.998295307159424,1.4791660000000002
2023-05-31,Near Road,7.079167,10.6875,7.254578113555908,3.608333
2023-06-05,Near Road,8.591667,6.2,8.338358879089355,2.391666999999999
2023-06-10,Near Road,5.604167,5.816667,6.671420574188232,0.21249999999999947
2023-06-15,Near Road,6.275,4.8125,6.349103927612305,1.4625000000000004
2023-06-20,Near Road,6.166667,5.875,4.227245807647705,0.29166700000000034
2023-06-25,Near Road,7.233333,9.2625,11.289801597595215,2.0291669999999993
2023-06-29,Near Road,9.3375,8.0875,7.936911106109619,1.25
2023-07-04,Near Road,16.666667,13.825,12.081316947937012,2.841667000000001
2023-07-09,Near Road,8.575,7.733333,10.806526184082031,0.8416669999999993
2023-07-14,Near Road,7.775,9.658333,12.983709335327148,1.8833330000000004
2023-07-19,Near Road,7.256522,6.3625,10.808833122253418,0.8940220000000005
2023-07-24,Near Road,10.1375,12.3375,9.542081832885742,2.200000000000001
2023-07-28,Near Road,9.25,8.158333,9.470173835754395,1.0916669999999993
2023-08-02,Near Road,5.420833,8.204167,7.648167133331299,2.783334
2023-08-07,Near Road,10.233333,7.558333,8.358075141906738,2.675
2023-08-12,Near Road,5.9375,4.816667,8.325018882751465,1.1208330000000002
2023-08-17,Near Road,5.616667,8.691667,9.494826316833496,3.075000000000001
2023-08-22,Near Road,7.704167,5.85,7.310108184814453,1.8541670000000003
2023-08-26,Near Road,6.025,7.675,8.556201934814453,1.6499999999999995
2023-08-31,Near Road,3.295833,13.6375,26.35205841064453,10.341667
2023-09-05,Near Road,6.447826,6.316667,7.244867324829102,0.13115900000000025
2023-09-10,Near Road,8.625,6.358333,7.198652744293213,2.266667
2023-09-15,Near Road,7.7375,7.933333,9.80671501159668,0.19583300000000037
2023-09-20,Near Road,6.120833,4.6375,9.647499084472656,1.483333
2023-09-24,Near Road,7.475,8.470833,8.340112686157227,0.9958330000000011
2023-09-29,Near Road,5.504167,10.85,9.614907264709473,5.345833
2023-10-04,Near Road,7.133333,6.3125,7.536886692047119,0.8208330000000004
2023-10-09,Near Road,6.7,7.504167,8.973428726196289,0.8041669999999996
2023-10-14,Near Road,8.304167,7.883333,8.58487606048584,0.42083399999999926
2023-10-19,Near Road,11.529167,9.7125,11.64240550994873,1.816666999999999
2023-10-23,Near Road,11.354167,8.379167,7.895280361175537,2.9749999999999996
2023-10-28,Near Road,6.516667,6.3,9.270111083984375,0.21666700000000017
2023-11-02,Near Road,11.741667,15.870833,13.949337005615234,4.129166
2023-11-07,Near Road,8.7625,3.566667,9.193380355834961,5.1958329999999995
2023-11-12,Near Road,6.008333,10.45,8.13493537902832,4.441666999999999
2023-11-17,Near Road,14.991667,15.0375,12.06044864654541,0.04583300000000001
2023-11-21,Near Road,19.191667,12.35,14.355467796325684,6.841666999999999
2023-11-26,Near Road,18.633333,7.004167,18.45249366760254,11.629166000000001
2023-12-01,Near Road,1.545833,22.216667,8.28645133972168,20.670834
2023-12-06,Near Road,4.1125,8.554167,8.89266300201416,4.441667
2023-12-11,Near Road,20.591667,14.5625,12.632511138916016,6.029167000000001
2023-12-16,Near Road,34.008333,28.095833,32.93748474121094,5.912500000000001
2023-12-20,Near Road,18.3375,23.9,8.727452278137207,5.5625
2023-12-25,Near Road,12.183333,10.245833,25.271121978759766,1.9375
2023-12-30,Near Road,32.970833,33.908333,17.540363311767578,0.9375
2022-01-11,ROSE PARK,27.566667,26.129167,19.31451988220215,1.4375
2022-01-16,ROSE PARK,34.075,28.375,20.225509643554688,5.700000000000003
2022-01-21,ROSE PARK,4.5625,7.216667,8.635591506958008,2.654167
2022-01-25,ROSE PARK,7.2,8.054167,14.568175315856934,0.8541669999999995
2022-01-30,ROSE PARK,16.645833,26.920833,26.88125228881836,10.274999999999999
2022-02-04,ROSE PARK,14.5,13.716667,14.28030014038086,0.7833330000000007
2022-02-09,ROSE PARK,9.629167,15.429167,10.995086669921875,5.799999999999999
2022-02-14,ROSE PARK,4.616667,7.241667,5.721312999725342,2.625
2022-02-18,ROSE PARK,5.929167,5.6375,8.629785537719727,0.29166699999999945
2022-02-23,ROSE PARK,8.3375,5.279167,8.237649917602539,3.058333
2022-02-28,ROSE PARK,14.845833,17.304167,11.656116485595703,2.458333999999999
2022-03-05,ROSE PARK,4.170833,4.133333,4.801843643188477,0.037499999999999645
2022-03-10,ROSE PARK,4.366667,3.4375,5.66146183013916,0.9291669999999996
2022-03-15,ROSE PARK,4.420833,4.166667,5.431039810180664,0.25416599999999967
2022-03-19,ROSE PARK,4.2,4.8125,4.91890287399292,0.6124999999999998
2022-03-24,ROSE PARK,7.3,6.5375,5.556465148925781,0.7625000000000002
2022-03-29,ROSE PARK,3.366667,8.045833,3.974620819091797,4.679166
2022-04-03,ROSE PARK,6.0375,4.9875,5.542093753814697,1.0499999999999998
2022-04-08,ROSE PARK,6.641667,8.866667,5.362415790557861,2.2249999999999996
2022-04-12,ROSE PARK,3.495833,2.945833,4.52540922164917,0.5500000000000003
2022-04-17,ROSE PARK,9.220833,4.533333,4.806877136230469,4.687500000000001
2022-04-22,ROSE PARK,3.483333,5.004167,8.160360336303711,1.5208339999999998
2022-04-27,ROSE PARK,11.15,12.541667,7.03687047958374,1.391667
2022-05-02,ROSE PARK,1.579167,4.358333,4.157105445861816,2.779166
2022-05-06,ROSE PARK,17.6125,12.8,5.990490436553955,4.8125
2022-05-11,ROSE PARK,3.6375,6.341667,5.193714618682861,2.704167
2022-05-16,ROSE PARK,5.058333,5.3875,6.770441055297852,0.329167
2022-05-21,ROSE PARK,5.408333,4.191667,5.126501560211182,1.216666
2022-05-26,ROSE PARK,13.8375,6.804167,6.239109039306641,7.033333000000001
2022-05-31,ROSE PARK,4.0875,3.354167,5.100361347198486,0.7333330000000005
2022-06-04,ROSE PARK,4.783333,5.420833,6.37455415725708,0.6375000000000002
2022-06-09,ROSE PARK,9.995833,10.1,8.40147590637207,0.10416700000000034
2022-06-14,ROSE PARK,8.279167,5.6875,4.118155002593994,2.5916669999999993
2022-06-19,ROSE PARK,3.108333,12.991667,11.735968589782715,9.883334
2022-06-24,ROSE PARK,4.979167,6.054167,7.918456077575684,1.0749999999999993
2022-06-28,ROSE PARK,9.833333,7.070833,8.005882263183594,2.7624999999999993
2022-07-03,ROSE PARK,4.841667,4.925,8.873887062072754,0.08333299999999966
2022-07-08,ROSE PARK,8.416667,6.616667,7.3419575691223145,1.8000000000000007
2022-07-14,ROSE PARK,6.9125,6.25,9.689006805419922,0.6624999999999996
2022-07-19,ROSE PARK,5.645833,8.041667,9.212743759155273,2.3958340000000007
2022-07-23,ROSE PARK,8.141667,8.770833,10.379045486450195,0.6291659999999997
2022-07-28,ROSE PARK,8.033333,8.0,9.084246635437012,0.03333300000000072
2022-08-02,ROSE PARK,12.266667,7.579167,6.891495704650879,4.6875
2022-08-07,ROSE PARK,7.983333,7.2875,7.414821147918701,0.6958330000000004
2022-08-12,ROSE PARK,5.095833,6.7375,7.851312637329102,1.641667
2022-08-17,ROSE PARK,7.526087,4.645833,9.017374038696289,2.8802540000000008
2022-08-21,ROSE PARK,7.295833,4.9375,6.8923163414001465,2.358333
2022-08-26,ROSE PARK,4.129167,4.641667,7.23228120803833,0.5125000000000002
2022-08-31,ROSE PARK,8.0375,7.233333,13.878849029541016,0.8041669999999996
2022-09-05,ROSE PARK,9.704167,9.358333,11.957954406738281,0.345834
2022-09-10,ROSE PARK,28.870833,39.879167,18.692893981933594,11.008334000000001
2022-09-14,ROSE PARK,6.104167,6.416667,6.183951377868652,0.3125
2022-09-19,ROSE PARK,3.9875,3.25,8.32005500793457,0.7374999999999998
2022-09-24,ROSE PARK,7.225,8.141667,8.7959623336792,0.9166670000000003
2022-09-29,ROSE PARK,4.4625,5.7,5.315975666046143,1.2374999999999998
2022-10-04,ROSE PARK,8.741667,8.433333,6.993814468383789,0.30833400000000033
2022-10-08,ROSE PARK,7.9625,8.116667,8.698257446289062,0.15416699999999928
2022-10-13,ROSE PARK,7.666667,10.1125,9.949153900146484,2.4458330000000004
2022-10-18,ROSE PARK,9.945833,8.633333,6.720090389251709,1.3125
2022-10-23,ROSE PARK,6.0125,3.858333,6.05353307723999,2.154167
2022-10-28,ROSE PARK,15.654167,11.416667,7.6875152587890625,4.237499999999999
2022-11-02,ROSE PARK,4.595833,2.875,4.6630449295043945,1.7208329999999998
2022-11-06,ROSE PARK,3.1625,3.066667,5.746912956237793,0.09583300000000028
2022-11-11,ROSE PARK,11.85,7.104167,9.487406730651855,4.745832999999999
2022-11-16,ROSE PARK,12.3375,8.541667,11.136493682861328,3.795833
2022-11-21,ROSE PARK,28.483333,25.158333,23.54534339904785,3.3249999999999993
2022-11-26,ROSE PARK,7.054167,16.525,13.968573570251465,9.470832999999999
2022-11-30,ROSE PARK,6.245833,4.991667,6.830738544464111,1.2541660000000006
2022-12-05,ROSE PARK,13.95,7.479167,10.290321350097656,6.470832999999999
2022-12-10,ROSE PARK,1.695833,3.666667,4.611238956451416,1.970834
2022-12-15,ROSE PARK,10.358333,7.270833,7.2441253662109375,3.0875000000000004
2022-12-20,ROSE PARK,6.370833,30.879167,19.083431243896484,24.508333999999998
2022-12-24,ROSE PARK,43.779167,32.0375,8.386677742004395,11.741667
2022-12-29,ROSE PARK,2.795833,3.158333,6.0745930671691895,0.3624999999999998
2023-01-03,ROSE PARK,7.283333,10.279167,6.629061698913574,2.9958339999999994
2023-01-08,ROSE PARK,3.479167,3.166667,5.6099467277526855,0.3125
2023-01-13,ROSE PARK,7.358333,11.691667,13.966621398925781,4.333334000000001
2023-01-18,ROSE PARK,7.433333,3.5,6.011086940765381,3.933333
2023-01-22,ROSE PARK,5.370833,10.1,8.918439865112305,4.7291669999999995
2023-01-27,ROSE PARK,1.8875,4.683333,3.7723660469055176,2.795833
2023-02-01,ROSE PARK,38.620833,29.279167,22.273984909057617,9.341665999999996
2023-02-06,ROSE PARK,6.854167,6.166667,7.4427947998046875,0.6875
2023-02-11,ROSE PARK,22.170833,24.708333,22.959339141845703,2.5375000000000014
2023-02-15,ROSE PARK,8.395833,2.9875,12.25590705871582,5.408333
2023-02-20,ROSE PARK,2.679167,5.683333,4.812270641326904,3.004166
2023-02-25,ROSE PARK,5.3,7.116667,9.691405296325684,1.8166669999999998
2023-03-02,ROSE PARK,5.095833,3.204167,5.350721836090088,1.8916659999999998
2023-03-07,ROSE PARK,11.2125,7.234783,5.928356647491455,3.977717
2023-03-11,ROSE PARK,8.483333,3.691667,4.278737545013428,4.791666
2023-03-16,ROSE PARK,6.7875,4.079167,5.372705459594727,2.7083329999999997
2023-03-21,ROSE PARK,1.6375,4.0375,4.298503398895264,2.3999999999999995
2023-03-26,ROSE PARK,2.983333,1.408333,4.572647571563721,1.575
2023-03-31,ROSE PARK,2.716667,3.8375,3.223806619644165,1.1208329999999997
2023-04-05,ROSE PARK,6.045833,1.575,3.122964382171631,4.470833
2023-04-09,ROSE PARK,7.525,7.095833,9.600000381469727,0.4291670000000005
2023-04-14,ROSE PARK,5.770833,5.379167,5.207736492156982,0.39166599999999985
2023-04-19,ROSE PARK,3.3875,1.904167,6.525444030761719,1.4833330000000002
2023-04-24,ROSE PARK,4.283333,3.9625,4.437417030334473,0.3208329999999999
2023-04-29,ROSE PARK,6.833333,7.241667,6.718173980712891,0.408334
2023-05-03,ROSE PARK,7.341667,8.454167,6.8338470458984375,1.1124999999999998
2023-05-08,ROSE PARK,5.879167,4.954167,4.539045333862305,0.9249999999999998
2023-05-13,ROSE PARK,4.5625,4.833333,5.007213592529297,0.27083299999999966
2023-05-18,ROSE PARK,17.395833,5.575,5.075146198272705,11.820833
2023-05-23,ROSE PARK,6.091667,4.983333,4.828136920928955,1.1083340000000002
2023-05-27,ROSE PARK,6.279167,6.283333,4.845198154449463,0.00416599999999967
2023-06-01,ROSE PARK,5.9375,5.6625,6.614369869232178,0.27500000000000036
2023-06-06,ROSE PARK,3.991667,8.15,7.124701023101807,4.158333000000001
2023-06-11,ROSE PARK,6.275,4.279167,6.440545558929443,1.9958330000000002
2023-06-16,ROSE PARK,5.870833,5.354167,6.969449043273926,0.5166659999999998
2023-06-21,ROSE PARK,5.995833,8.0,7.658772945404053,2.004167
2023-06-25,ROSE PARK,4.158333,7.404167,10.150397300720215,3.2458340000000003
2023-06-30,ROSE PARK,7.4625,7.466667,7.544772148132324,0.00416699999999981
2023-07-05,ROSE PARK,11.091667,20.591667,9.62884521484375,9.500000000000002
2023-07-10,ROSE PARK,7.425,8.3625,7.345911502838135,0.9375000000000009
2023-07-15,ROSE PARK,5.7625,5.541667,10.933368682861328,0.22083299999999983
2023-07-19,ROSE PARK,6.545833,6.320833,8.357264518737793,0.22499999999999964
2023-07-24,ROSE PARK,7.379167,8.733333,7.1822638511657715,1.3541660000000002
2023-07-29,ROSE PARK,7.604167,6.654167,9.133039474487305,0.9500000000000002
2023-08-03,ROSE PARK,4.570833,5.313043,5.595198631286621,0.74221
2023-08-08,ROSE PARK,8.2375,8.854167,5.973584175109863,0.6166669999999996
2023-08-12,ROSE PARK,4.658333,4.429167,6.629156112670898,0.2291660000000002
2023-08-17,ROSE PARK,3.895833,6.95,7.776533126831055,3.054167
2023-08-22,ROSE PARK,6.6875,4.4375,6.061916828155518,2.25
2023-08-27,ROSE PARK,6.6875,5.170833,7.588550090789795,1.516667
2023-09-01,ROSE PARK,4.125,4.016667,11.020037651062012,0.10833300000000001
2023-09-06,ROSE PARK,3.8375,6.033333,8.214218139648438,2.195833
2023-09-10,ROSE PARK,6.521739,6.325,5.808990955352783,0.196739
2023-09-15,ROSE PARK,7.8,6.808333,8.647007942199707,0.9916669999999996
2023-09-20,ROSE PARK,4.545833,4.279167,5.652204513549805,0.26666599999999985
2023-09-25,ROSE PARK,5.195833,5.791667,8.396211624145508,0.595834
2023-09-30,ROSE PARK,4.154167,5.104167,8.026702880859375,0.9500000000000002
2023-10-04,ROSE PARK,7.586957,4.279167,5.65109920501709,3.30779
2023-10-09,ROSE PARK,5.683333,5.1375,8.228300094604492,0.545833
2023-10-14,ROSE PARK,7.1125,6.7375,7.632215976715088,0.375
2023-10-19,ROSE PARK,9.075,7.233333,8.959378242492676,1.8416669999999993
2023-10-24,ROSE PARK,5.75,9.329167,8.368733406066895,3.579167
2023-10-28,ROSE PARK,5.591667,4.7,6.773529529571533,0.891667
2023-11-02,ROSE PARK,8.05,11.370833,11.73704719543457,3.3208329999999986
2023-11-07,ROSE PARK,6.5,2.129167,7.8590545654296875,4.370833
2023-11-12,ROSE PARK,4.2,9.05,9.056282997131348,4.8500000000000005
2023-11-17,ROSE PARK,12.683333,13.529167,9.028573036193848,0.845834
2023-11-22,ROSE PARK,16.658333,15.041667,15.908946990966797,1.6166659999999986
2023-11-26,ROSE PARK,14.295833,6.1125,14.822556495666504,8.183333000000001
2023-12-01,ROSE PARK,1.4625,16.458333,7.13542366027832,14.995833
2023-12-06,ROSE PARK,2.8125,7.795833,8.13022232055664,4.983333
2023-12-11,ROSE PARK,14.6375,12.708333,16.506309509277344,1.9291669999999996
2023-12-16,ROSE PARK,33.308333,25.983333,27.204469680786133,7.324999999999999
2023-12-20,ROSE PARK,17.266667,19.016667,6.232166290283203,1.75
2023-12-25,ROSE PARK,9.379167,7.895833,23.39170265197754,1.483334000000001
2023-12-30,ROSE PARK,27.875,24.295833,16.033681869506836,3.5791670000000018
